year,month,day,dep_time,sched_dep_time,dep_delay,arr_time,sched_arr_time,arr_delay,carrier,flight,tailnum,origin,dest,air_time,distance,hour,minute,time_hour
2013,1,1,926,929,-3,1404,1421,-17,B6,215,N775JB,EWR,SJU,191,1608,9,29,2013-01-01T14:00:00Z
2013,1,1,1729,1718,11,2052,2055,-3,UA,1284,N14120,EWR,SFO,360,2565,17,18,2013-01-01T22:00:00Z
2013,1,3,601,600,1,730,730,0,WN,959,N8329B,LGA,MDW,129,725,6,0,2013-01-03T11:00:00Z
2013,1,3,1223,1144,39,1332,1255,37,EV,4347,N13975,EWR,BTV,45,266,11,44,2013-01-03T16:00:00Z
2013,1,3,1724,1730,-6,1914,1926,-12,US,449,N648AW,EWR,CLT,90,529,17,30,2013-01-03T22:00:00Z
2013,1,3,1809,1800,9,1932,1917,15,B6,1016,N178JB,JFK,BOS,43,187,18,0,2013-01-03T23:00:00Z
2013,1,5,555,600,-5,824,810,14,FL,345,N969AT,LGA,ATL,116,762,6,0,2013-01-05T11:00:00Z
2013,1,5,953,1000,-7,1320,1310,10,B6,503,N587JB,EWR,FLL,184,1065,10,0,2013-01-05T15:00:00Z
2013,1,5,1723,1700,23,1839,1840,-1,MQ,4323,N603MQ,JFK,ORF,53,290,17,0,2013-01-05T22:00:00Z
2013,1,5,2101,2100,1,2220,2229,-9,UA,162,N45440,EWR,ORD,120,719,21,0,2013-01-06T02:00:00Z
2013,1,6,1726,1734,-8,1835,1852,-17,B6,74,N621JB,JFK,BTV,46,266,17,34,2013-01-06T22:00:00Z
2013,1,7,659,700,-1,1011,1019,-8,DL,2003,N922DL,LGA,MIA,159,1096,7,0,2013-01-07T12:00:00Z
2013,1,7,1708,1635,33,1859,1841,18,B6,1085,N229JB,JFK,CLT,80,541,16,35,2013-01-07T21:00:00Z
2013,1,7,1942,1946,-4,2144,2154,-10,EV,4536,N14542,EWR,CVG,95,569,19,46,2013-01-08T00:00:00Z
2013,1,8,1231,1240,-9,1523,1540,-17,AA,1853,N589AA,EWR,DFW,212,1372,12,40,2013-01-08T17:00:00Z
2013,1,9,851,855,-4,1049,1102,-13,EV,4913,N134EV,EWR,DTW,92,488,8,55,2013-01-09T13:00:00Z
2013,1,9,857,905,-8,1016,1029,-13,B6,20,N329JB,JFK,ROC,53,264,9,5,2013-01-09T14:00:00Z
2013,1,9,1159,1200,-1,1510,1459,11,UA,1461,N16703,EWR,IAH,228,1400,12,0,2013-01-09T17:00:00Z
2013,1,9,1622,1629,-7,1954,2005,-11,UA,1078,N37293,EWR,SAT,261,1569,16,29,2013-01-09T21:00:00Z
2013,1,9,2100,2100,0,2206,2209,-3,B6,1020,N794JB,JFK,BOS,40,187,21,0,2013-01-10T02:00:00Z
2013,1,9,2242,2245,-3,2357,2357,0,B6,128,N729JB,JFK,BTV,52,266,22,45,2013-01-10T03:00:00Z
2013,1,10,621,630,-9,902,927,-25,B6,71,N644JB,JFK,TPA,142,1005,6,30,2013-01-10T11:00:00Z
2013,1,10,651,659,-8,946,938,8,DL,1547,N680DA,LGA,ATL,122,762,6,59,2013-01-10T11:00:00Z
2013,1,10,917,921,-4,1010,1029,-19,B6,1004,N665JB,JFK,BOS,38,187,9,21,2013-01-10T14:00:00Z
2013,1,11,1512,1515,-3,1753,1805,-12,UA,53,N76055,EWR,IAH,193,1400,15,15,2013-01-11T20:00:00Z
2013,1,12,734,740,-6,901,931,-30,EV,4459,N27190,EWR,STL,131,872,7,40,2013-01-12T12:00:00Z
2013,1,12,901,900,1,1452,1530,-38,HA,51,N383HA,JFK,HNL,615,4983,9,0,2013-01-12T14:00:00Z
2013,1,12,1502,1450,12,1637,1640,-3,MQ,4403,N846MQ,JFK,RDU,69,427,14,50,2013-01-12T19:00:00Z
2013,1,13,1443,1443,0,1759,1801,-2,UA,343,N414UA,EWR,AUS,235,1504,14,43,2013-01-13T19:00:00Z
2013,1,14,1509,1444,25,1748,1745,3,B6,141,N571JB,JFK,PBI,143,1028,14,44,2013-01-14T19:00:00Z
2013,1,15,2111,2005,66,2359,2311,48,UA,754,N853UA,EWR,TPA,150,997,20,5,2013-01-16T01:00:00Z
2013,1,16,914,920,-6,1125,1125,0,MQ,4582,N6EAMQ,LGA,CLT,96,544,9,20,2013-01-16T14:00:00Z
2013,1,17,929,930,-1,1245,1246,-1,B6,375,N793JB,LGA,FLL,161,1076,9,30,2013-01-17T14:00:00Z
2013,1,17,1002,1000,2,1259,1254,5,UA,1623,N77258,EWR,MCO,155,937,10,0,2013-01-17T15:00:00Z
2013,1,17,1243,1251,-8,1526,1602,-36,UA,428,N447UA,LGA,IAH,206,1416,12,51,2013-01-17T17:00:00Z
2013,1,17,1455,1500,-5,1740,1742,-2,DL,2347,N692DL,LGA,ATL,125,762,15,0,2013-01-17T20:00:00Z
2013,1,17,2002,2000,2,2139,2139,0,UA,1094,N32404,EWR,CLE,76,404,20,0,2013-01-18T01:00:00Z
2013,1,17,2010,1930,40,2135,2103,32,EV,4670,N17560,EWR,BNA,128,748,19,30,2013-01-18T00:00:00Z
2013,1,18,1652,1645,7,1906,1900,6,DL,1473,N336NB,LGA,MEM,145,963,16,45,2013-01-18T21:00:00Z
2013,1,20,1106,1115,-9,1331,1352,-21,EV,4700,N11109,EWR,ATL,122,746,11,15,2013-01-20T16:00:00Z
2013,1,20,1452,1500,-8,1907,1837,30,DL,963,N723TW,JFK,LAX,358,2475,15,0,2013-01-20T20:00:00Z
2013,1,21,1956,2000,-4,2137,2139,-2,UA,1574,N16732,EWR,CLE,81,404,20,0,2013-01-22T01:00:00Z
2013,1,22,604,610,-6,800,817,-17,DL,1919,N333NW,LGA,MSP,150,1020,6,10,2013-01-22T11:00:00Z
2013,1,22,1256,1300,-4,1500,1506,-6,9E,3762,N8891A,EWR,CVG,109,569,13,0,2013-01-22T18:00:00Z
2013,1,22,1610,1600,10,1957,1925,32,AA,1467,N3JGAA,LGA,MIA,179,1096,16,0,2013-01-22T21:00:00Z
2013,1,22,1852,1855,-3,6,2355,11,AA,1613,N5DYAA,JFK,SJU,212,1598,18,55,2013-01-22T23:00:00Z
2013,1,23,747,755,-8,1055,1110,-15,AA,2267,N3AXAA,LGA,MIA,160,1096,7,55,2013-01-23T12:00:00Z
2013,1,23,1524,1529,-5,1653,1702,-9,EV,3835,N13955,EWR,BNA,127,748,15,29,2013-01-23T20:00:00Z
2013,1,23,1639,1640,-1,1820,1816,4,EV,4485,N16541,EWR,RDU,73,416,16,40,2013-01-23T21:00:00Z
2013,1,23,1701,1708,-7,1953,2023,-30,B6,15,N284JB,JFK,FLL,151,1069,17,8,2013-01-23T22:00:00Z
2013,1,23,1728,1734,-6,1827,1854,-27,B6,74,N587JB,JFK,BTV,45,266,17,34,2013-01-23T22:00:00Z
2013,1,24,556,600,-4,843,906,-23,B6,125,N653JB,JFK,FLL,147,1069,6,0,2013-01-24T11:00:00Z
2013,1,24,1003,1000,3,1234,1239,-5,DL,1847,N665DN,LGA,ATL,107,762,10,0,2013-01-24T15:00:00Z
2013,1,24,1437,1415,22,1634,1622,12,EV,4687,N14570,EWR,CVG,100,569,14,15,2013-01-24T19:00:00Z
2013,1,24,1444,1444,0,1738,1745,-7,B6,141,N503JB,JFK,PBI,143,1028,14,44,2013-01-24T19:00:00Z
2013,1,25,810,810,0,1056,1042,14,DL,269,N366NB,JFK,ATL,123,760,8,10,2013-01-25T13:00:00Z
2013,1,25,1417,1420,-3,1651,1713,-22,UA,1618,N19136,EWR,TPA,140,997,14,20,2013-01-25T19:00:00Z
2013,1,25,1630,1615,15,1911,1845,26,WN,161,N294WN,EWR,DEN,248,1605,16,15,2013-01-25T21:00:00Z
2013,1,26,859,851,8,1156,1150,6,UA,1623,N36207,EWR,LAS,326,2227,8,51,2013-01-26T13:00:00Z
2013,1,26,2131,2135,-4,32,50,-18,AA,185,N320AA,JFK,LAX,339,2475,21,35,2013-01-27T02:00:00Z
2013,1,28,1555,1600,-5,1835,1820,15,MQ,3985,N931MQ,JFK,CVG,103,589,16,0,2013-01-28T21:00:00Z
2013,1,28,1916,1905,11,2034,2040,-6,WN,981,N466WN,LGA,MKE,119,738,19,5,2013-01-29T00:00:00Z
2013,1,29,603,610,-7,850,910,-20,AA,1895,N5CKAA,EWR,MIA,143,1085,6,10,2013-01-29T11:00:00Z
2013,1,29,852,829,23,1011,955,16,EV,3259,N14916,EWR,PWM,47,284,8,29,2013-01-29T13:00:00Z
2013,1,29,1347,1357,-10,1535,1556,-21,EV,4370,N13161,EWR,CHS,89,628,13,57,2013-01-29T18:00:00Z
2013,1,29,1722,1725,-3,2052,2050,2,UA,512,N505UA,JFK,SFO,362,2586,17,25,2013-01-29T22:00:00Z
2013,1,29,1723,1730,-7,1937,1936,1,EV,4382,N16981,EWR,DTW,116,488,17,30,2013-01-29T22:00:00Z
2013,1,30,715,725,-10,1004,1035,-31,AS,11,N551AS,EWR,SEA,323,2402,7,25,2013-01-30T12:00:00Z
2013,1,30,833,840,-7,1158,1204,-6,B6,553,N657JB,EWR,RSW,176,1068,8,40,2013-01-30T13:00:00Z
2013,1,31,1659,1655,4,2238,2010,NA,B6,185,N507JB,JFK,SAN,NA,2446,16,55,2013-01-31T21:00:00Z
2013,1,31,1924,1850,34,2135,2055,40,US,1491,N565UW,LGA,CLT,88,544,18,50,2013-01-31T23:00:00Z
2013,1,31,NA,829,NA,NA,955,NA,EV,3259,N12996,EWR,PWM,NA,284,8,29,2013-01-31T13:00:00Z
2013,2,1,814,817,-3,1030,1058,-28,DL,914,N342NW,LGA,DEN,232,1620,8,17,2013-02-01T13:00:00Z
2013,2,1,1226,1230,-4,1348,1405,-17,WN,283,N276WN,LGA,MKE,112,738,12,30,2013-02-01T17:00:00Z
2013,2,1,1412,1415,-3,1616,1622,-6,EV,4687,N15986,EWR,CVG,105,569,14,15,2013-02-01T19:00:00Z
2013,2,2,1502,1510,-8,1638,1655,-17,MQ,4447,N855MQ,LGA,RDU,73,431,15,10,2013-02-02T20:00:00Z
2013,2,3,835,830,5,1213,1106,67,F9,835,N205FR,LGA,DEN,249,1620,8,30,2013-02-03T13:00:00Z
2013,2,4,639,610,29,805,735,30,WN,3839,N725SW,EWR,MDW,125,711,6,10,2013-02-04T11:00:00Z
2013,2,4,740,740,0,1028,1044,-16,UA,966,N805UA,EWR,TPA,154,997,7,40,2013-02-04T12:00:00Z
2013,2,4,1346,1300,46,1526,1437,49,UA,1249,N13113,EWR,ORD,132,719,13,0,2013-02-04T18:00:00Z
2013,2,4,2214,1930,164,2346,2115,151,EV,3274,N16546,LGA,CLE,70,419,19,30,2013-02-05T00:00:00Z
2013,2,4,2248,2125,83,2337,2224,73,EV,4404,N16911,EWR,PVD,30,160,21,25,2013-02-05T02:00:00Z
2013,2,5,1551,1555,-4,2029,2055,-26,B6,703,N568JB,JFK,SJU,194,1598,15,55,2013-02-05T20:00:00Z
2013,2,6,1254,1300,-6,1514,1537,-23,DL,781,N3754A,LGA,ATL,110,762,13,0,2013-02-06T18:00:00Z
2013,2,6,1711,1655,16,2020,2029,-9,DL,706,N335NB,JFK,AUS,222,1521,16,55,2013-02-06T21:00:00Z
2013,2,7,856,900,-4,1208,1220,-12,AA,1,N332AA,JFK,LAX,336,2475,9,0,2013-02-07T14:00:00Z
2013,2,7,1200,1205,-5,1522,1520,2,AA,743,N489AA,LGA,DFW,226,1389,12,5,2013-02-07T17:00:00Z
2013,2,7,1340,1341,-1,1941,1935,6,UA,15,N76064,EWR,HNL,633,4963,13,41,2013-02-07T18:00:00Z
2013,2,8,822,825,-3,959,945,14,MQ,4418,N850MQ,JFK,DCA,48,213,8,25,2013-02-08T13:00:00Z
2013,2,8,1654,1655,-1,2025,2014,11,B6,359,N621JB,JFK,BUR,352,2465,16,55,2013-02-08T21:00:00Z
2013,2,8,NA,1620,NA,NA,1914,NA,UA,872,NA,EWR,MCO,NA,937,16,20,2013-02-08T21:00:00Z
2013,2,9,2358,2359,-1,434,436,-2,B6,727,N589JB,JFK,BQN,182,1576,23,59,2013-02-10T04:00:00Z
2013,2,9,NA,710,NA,NA,1003,NA,UA,481,NA,EWR,MCO,NA,937,7,10,2013-02-09T12:00:00Z
2013,2,10,751,755,-4,1046,1110,-24,AA,2267,N3GFAA,LGA,MIA,146,1096,7,55,2013-02-10T12:00:00Z
2013,2,10,811,810,1,1121,1116,5,DL,1959,N971DL,JFK,MCO,129,944,8,10,2013-02-10T13:00:00Z
2013,2,10,1050,1050,0,1331,1404,-33,B6,373,N597JB,LGA,FLL,148,1076,10,50,2013-02-10T15:00:00Z
2013,2,11,1038,1043,-5,1412,1340,32,UA,406,N667UA,EWR,IAH,246,1400,10,43,2013-02-11T15:00:00Z
2013,2,12,557,600,-3,836,837,-1,DL,461,N387DA,LGA,ATL,129,762,6,0,2013-02-12T11:00:00Z
2013,2,12,623,630,-7,802,809,-7,B6,905,N266JB,JFK,ORD,136,740,6,30,2013-02-12T11:00:00Z
2013,2,12,700,705,-5,959,1001,-2,B6,389,N606JB,LGA,MCO,141,950,7,5,2013-02-12T12:00:00Z
2013,2,12,1025,1030,-5,1244,1252,-8,DL,2343,N346NB,EWR,ATL,121,746,10,30,2013-02-12T15:00:00Z
2013,2,12,1716,1710,6,1812,1820,-8,EV,4316,N13997,EWR,BWI,35,169,17,10,2013-02-12T22:00:00Z
2013,2,13,600,600,0,853,837,16,DL,461,N3765,LGA,ATL,145,762,6,0,2013-02-13T11:00:00Z
2013,2,13,1511,1510,1,1723,1745,-22,MQ,4309,N900MQ,JFK,IND,100,665,15,10,2013-02-13T20:00:00Z
2013,2,14,1004,1016,-12,1211,1230,-19,DL,2319,N997DL,LGA,MSP,149,1020,10,16,2013-02-14T15:00:00Z
2013,2,14,1746,1725,21,2100,2055,5,UA,265,N594UA,EWR,PHX,286,2133,17,25,2013-02-14T22:00:00Z
2013,2,15,1125,1130,-5,1356,1446,-50,UA,703,N502UA,JFK,LAX,313,2475,11,30,2013-02-15T16:00:00Z
2013,2,15,1441,1445,-4,1630,1640,-10,EV,4133,N16559,EWR,DTW,91,488,14,45,2013-02-15T19:00:00Z
2013,2,15,2143,2145,-2,2245,2251,-6,B6,1928,N706JB,JFK,BOS,38,187,21,45,2013-02-16T02:00:00Z
2013,2,16,1330,1320,10,1626,1650,-24,VX,411,N835VA,JFK,LAX,336,2475,13,20,2013-02-16T18:00:00Z
2013,2,16,1423,1430,-7,1724,1755,-31,UA,257,N505UA,JFK,SFO,328,2586,14,30,2013-02-16T19:00:00Z
2013,2,16,1523,1530,-7,1809,1730,39,MQ,4579,N526MQ,LGA,CLT,105,544,15,30,2013-02-16T20:00:00Z
2013,2,16,1611,1615,-4,1927,1915,12,UA,414,N479UA,EWR,PBI,179,1023,16,15,2013-02-16T21:00:00Z
2013,2,16,1758,1752,6,2101,2058,3,UA,1637,N37263,EWR,TPA,157,997,17,52,2013-02-16T22:00:00Z
2013,2,16,2139,2142,-3,2239,2251,-12,UA,1066,N53442,EWR,BOS,35,200,21,42,2013-02-17T02:00:00Z
2013,2,17,603,610,-7,909,918,-9,B6,135,N805JB,JFK,RSW,157,1074,6,10,2013-02-17T11:00:00Z
2013,2,17,621,630,-9,1121,1140,-19,AA,413,N3FRAA,JFK,SJU,215,1598,6,30,2013-02-17T11:00:00Z
2013,2,17,653,700,-7,1000,1017,-17,DL,2003,N340NW,LGA,MIA,154,1096,7,0,2013-02-17T12:00:00Z
2013,2,17,828,824,4,1120,1144,-24,UA,161,N75858,EWR,LAX,332,2454,8,24,2013-02-17T13:00:00Z
2013,2,17,849,840,9,1138,1136,2,B6,59,N304JB,JFK,TPA,144,1005,8,40,2013-02-17T13:00:00Z
2013,2,17,915,920,-5,1156,1240,-44,AA,1589,N4WVAA,EWR,DFW,194,1372,9,20,2013-02-17T14:00:00Z
2013,2,17,1150,1200,-10,1257,1317,-20,9E,3802,N8505Q,LGA,MHT,36,195,12,0,2013-02-17T17:00:00Z
2013,2,17,1538,1540,-2,1709,1714,-5,9E,4178,N8940E,JFK,ROC,54,264,15,40,2013-02-17T20:00:00Z
2013,2,17,1827,1815,12,2014,2037,-23,9E,3354,N932XJ,JFK,DTW,79,509,18,15,2013-02-17T23:00:00Z
2013,2,17,NA,1810,NA,NA,2127,NA,B6,217,N586JB,JFK,LGB,NA,2465,18,10,2013-02-17T23:00:00Z
2013,2,18,658,700,-2,949,1014,-25,DL,1879,N357NW,LGA,FLL,151,1076,7,0,2013-02-18T12:00:00Z
2013,2,18,1128,1130,-2,1308,1334,-26,US,1625,N184US,LGA,CLT,78,544,11,30,2013-02-18T16:00:00Z
2013,2,18,1150,1130,20,1328,1320,8,WN,3652,N622SW,EWR,STL,141,872,11,30,2013-02-18T16:00:00Z
2013,2,18,1958,2000,-2,2112,2143,-31,DL,1713,N334NB,JFK,BOS,41,187,20,0,2013-02-19T01:00:00Z
2013,2,19,1458,1455,3,1805,1757,8,B6,141,N508JB,JFK,PBI,153,1028,14,55,2013-02-19T19:00:00Z
2013,2,19,1558,1600,-2,1856,1918,-22,DL,1185,N356NW,EWR,SLC,279,1969,16,0,2013-02-19T21:00:00Z
2013,2,20,827,830,-3,949,1015,-26,AA,313,N583AA,LGA,ORD,116,733,8,30,2013-02-20T13:00:00Z
2013,2,20,1514,1516,-2,1831,1829,2,UA,1600,N14106,EWR,LAX,337,2454,15,16,2013-02-20T20:00:00Z
2013,2,20,1634,1640,-6,1947,1955,-8,AA,773,N576AA,LGA,DFW,224,1389,16,40,2013-02-20T21:00:00Z
2013,2,20,2155,2100,55,2323,2235,48,MQ,4507,N829MQ,LGA,RDU,72,431,21,0,2013-02-21T02:00:00Z
2013,2,22,1407,1216,111,1514,1330,104,EV,4225,N14952,EWR,BUF,50,282,12,16,2013-02-22T17:00:00Z
2013,2,23,950,955,-5,1305,1257,8,B6,503,N653JB,EWR,FLL,159,1065,9,55,2013-02-23T14:00:00Z
2013,2,23,1026,1030,-4,1309,1315,-6,UA,1742,N24224,EWR,LAS,323,2227,10,30,2013-02-23T15:00:00Z
2013,2,23,1349,1320,29,1449,1417,32,EV,4112,N29906,EWR,BWI,42,169,13,20,2013-02-23T18:00:00Z
2013,2,24,1044,1050,-6,1235,1250,-15,MQ,4589,N9EAMQ,LGA,DTW,83,502,10,50,2013-02-24T15:00:00Z
2013,2,24,1653,1650,3,1841,1855,-14,WN,1904,N294WN,LGA,STL,141,888,16,50,2013-02-24T21:00:00Z
2013,2,25,858,900,-2,1447,1540,-53,HA,51,N385HA,JFK,HNL,622,4983,9,0,2013-02-25T14:00:00Z
2013,2,25,1010,1015,-5,1326,1340,-14,US,75,N602AW,EWR,PHX,301,2133,10,15,2013-02-25T15:00:00Z
2013,2,25,1338,1326,12,1429,1423,6,EV,4120,N12900,EWR,BWI,33,169,13,26,2013-02-25T18:00:00Z
2013,2,25,1538,1547,-9,1856,1859,-3,DL,1935,N337NW,LGA,TPA,164,1010,15,47,2013-02-25T20:00:00Z
2013,2,26,1653,1700,-7,1949,2049,-60,DL,31,N721TW,JFK,SFO,319,2586,17,0,2013-02-26T22:00:00Z
2013,2,26,2002,1929,33,2255,2209,46,DL,1715,N309US,LGA,MSY,178,1183,19,29,2013-02-27T00:00:00Z
2013,2,27,1409,1410,-1,1705,1703,2,UA,1251,N41135,EWR,TPA,152,997,14,10,2013-02-27T19:00:00Z
2013,2,27,1709,1700,9,1937,1943,-6,DL,1499,N623DL,LGA,ATL,120,762,17,0,2013-02-27T22:00:00Z
2013,2,28,1927,1930,-3,2126,2151,-25,9E,3798,N8745B,JFK,CLT,84,541,19,30,2013-03-01T00:00:00Z
2013,3,1,600,600,0,911,911,0,UA,1077,N14214,EWR,MIA,168,1085,6,0,2013-03-01T11:00:00Z
2013,3,1,1600,1600,0,1923,1930,-7,DL,161,N310NW,JFK,MIA,164,1089,16,0,2013-03-01T21:00:00Z
2013,3,1,1935,1940,-5,2246,2240,6,AA,1787,N3HGAA,JFK,TPA,167,1005,19,40,2013-03-02T00:00:00Z
2013,3,1,1948,1820,88,2118,2005,73,AA,353,N3HYAA,LGA,ORD,110,733,18,20,2013-03-01T23:00:00Z
2013,3,2,1459,1355,64,1811,1646,85,UA,564,N553UA,EWR,MCO,147,937,13,55,2013-03-02T18:00:00Z
2013,3,3,823,825,-2,1109,1133,-24,B6,181,N796JB,JFK,SAN,323,2446,8,25,2013-03-03T13:00:00Z
2013,3,3,1008,1015,-7,1312,1340,-28,US,75,N676AW,EWR,PHX,289,2133,10,15,2013-03-03T15:00:00Z
2013,3,3,1322,1325,-3,1457,1505,-8,MQ,4475,N736MQ,LGA,RDU,65,431,13,25,2013-03-03T18:00:00Z
2013,3,3,1501,1445,16,1624,1604,20,9E,3452,N903XJ,JFK,BOS,47,187,14,45,2013-03-03T19:00:00Z
2013,3,4,955,1000,-5,1228,1252,-24,UA,1003,N39726,EWR,MCO,132,937,10,0,2013-03-04T15:00:00Z
2013,3,4,1721,1725,-4,2007,2017,-10,UA,1109,N17126,EWR,MCO,131,937,17,25,2013-03-04T22:00:00Z
2013,3,4,1729,1729,0,2031,2049,-18,AA,543,N354AA,JFK,MIA,145,1089,17,29,2013-03-04T22:00:00Z
2013,3,5,805,810,-5,933,955,-22,MQ,4406,N846MQ,JFK,RDU,68,427,8,10,2013-03-05T13:00:00Z
2013,3,5,2021,1855,86,2145,2051,54,9E,3374,N931XJ,JFK,PIT,65,340,18,55,2013-03-05T23:00:00Z
2013,3,6,911,910,1,1402,1407,-5,DL,301,N3769L,JFK,SJU,200,1598,9,10,2013-03-06T14:00:00Z
2013,3,6,1116,1001,75,1225,1129,56,EV,4143,N14573,EWR,BNA,104,748,10,1,2013-03-06T15:00:00Z
2013,3,6,1541,1446,55,1813,1744,29,UA,1122,N73445,EWR,PBI,136,1023,14,46,2013-03-06T19:00:00Z
2013,3,7,838,835,3,1018,1001,17,EV,4224,N14573,EWR,PWM,49,284,8,35,2013-03-07T13:00:00Z
2013,3,7,1352,1345,7,1640,1636,4,B6,1783,N661JB,JFK,MCO,137,944,13,45,2013-03-07T18:00:00Z
2013,3,7,1511,1515,-4,1702,1700,2,MQ,4333,N607MQ,JFK,PIT,66,340,15,15,2013-03-07T20:00:00Z
2013,3,7,1709,1630,39,1820,1737,43,EV,4299,N14573,EWR,DCA,40,199,16,30,2013-03-07T21:00:00Z
2013,3,8,632,630,2,935,910,25,WN,459,N448WN,LGA,DEN,243,1620,6,30,2013-03-08T11:00:00Z
2013,3,8,857,900,-3,1052,1017,35,B6,56,N206JB,JFK,BTV,50,266,9,0,2013-03-08T14:00:00Z
2013,3,8,2001,1930,31,2150,2146,4,9E,3798,N8665A,JFK,CLT,74,541,19,30,2013-03-09T00:00:00Z
2013,3,8,2242,1935,187,116,2240,156,AA,791,N3CCAA,LGA,DFW,197,1389,19,35,2013-03-09T00:00:00Z
2013,3,9,803,810,-7,1031,1018,13,DL,2119,N902DE,LGA,MSP,161,1020,8,10,2013-03-09T13:00:00Z
2013,3,9,1013,1015,-2,1150,1140,10,WN,102,N296WN,LGA,MKE,116,738,10,15,2013-03-09T15:00:00Z
2013,3,9,1415,1415,0,1627,1630,-3,DL,935,N323NB,EWR,ATL,106,746,14,15,2013-03-09T19:00:00Z
2013,3,9,1955,1959,-4,2124,2144,-20,MQ,4423,N833MQ,JFK,RDU,67,427,19,59,2013-03-10T00:00:00Z
2013,3,10,828,830,-2,949,955,-6,WN,435,N453WN,EWR,MDW,118,711,8,30,2013-03-10T12:00:00Z
2013,3,10,1029,1029,0,1300,1344,-44,UA,1605,N37465,EWR,LAX,308,2454,10,29,2013-03-10T14:00:00Z
2013,3,11,920,930,-10,1029,1102,-33,9E,3613,N8598B,JFK,ROC,47,264,9,30,2013-03-11T13:00:00Z
2013,3,11,1843,1845,-2,2150,2210,-20,B6,171,N587JB,JFK,SMF,330,2521,18,45,2013-03-11T22:00:00Z
2013,3,11,1850,1900,-10,1955,2012,-17,US,2140,N951UW,LGA,BOS,39,184,19,0,2013-03-11T23:00:00Z
2013,3,12,928,929,-1,1146,1212,-26,UA,657,N573UA,EWR,LAS,288,2227,9,29,2013-03-12T13:00:00Z
2013,3,12,2304,2045,139,218,2357,141,B6,677,N636JB,JFK,LAX,325,2475,20,45,2013-03-13T00:00:00Z
2013,3,13,1054,1100,-6,1325,1331,-6,DL,1647,N646DL,LGA,ATL,114,762,11,0,2013-03-13T15:00:00Z
2013,3,13,1234,1245,-11,1555,1600,-5,AA,2253,N3DVAA,LGA,MIA,157,1096,12,45,2013-03-13T16:00:00Z
2013,3,13,1502,1505,-3,1653,1704,-11,EV,4572,N10575,EWR,GSP,94,594,15,5,2013-03-13T19:00:00Z
2013,3,13,1539,1540,-1,1750,1820,-30,DL,1344,N348NB,LGA,MCI,153,1107,15,40,2013-03-13T19:00:00Z
2013,3,14,1621,1605,16,1908,1903,5,UA,1269,N35204,EWR,PBI,147,1023,16,5,2013-03-14T20:00:00Z
2013,3,14,1936,1929,7,2258,2243,15,DL,1854,N929DL,LGA,FLL,150,1076,19,29,2013-03-14T23:00:00Z
2013,3,16,638,640,-2,903,915,-12,EV,4209,N13964,EWR,ATL,122,746,6,40,2013-03-16T10:00:00Z
2013,3,16,959,1000,-1,1237,1221,16,EV,4689,N14904,EWR,SAV,111,708,10,0,2013-03-16T14:00:00Z
2013,3,16,1705,1652,13,1759,1806,-7,B6,1176,N298JB,EWR,BOS,36,200,16,52,2013-03-16T20:00:00Z
2013,3,16,1937,1929,8,2232,2242,-10,DL,1854,N917DE,LGA,FLL,147,1076,19,29,2013-03-16T23:00:00Z
2013,3,16,2355,2359,-4,325,338,-13,B6,727,N580JB,JFK,BQN,191,1576,23,59,2013-03-17T03:00:00Z
2013,3,17,1805,1803,2,1952,1941,11,UA,1246,N14250,EWR,ORD,137,719,18,3,2013-03-17T22:00:00Z
2013,3,18,1725,1700,25,1901,1839,22,UA,689,N832UA,LGA,ORD,123,733,17,0,2013-03-18T21:00:00Z
2013,3,19,600,600,0,720,715,5,EV,5716,N833AS,JFK,IAD,48,228,6,0,2013-03-19T10:00:00Z
2013,3,19,829,835,-6,1121,1114,7,DL,2170,N377DA,JFK,PHX,329,2153,8,35,2013-03-19T12:00:00Z
2013,3,19,1105,1110,-5,1206,1220,-14,B6,24,N229JB,JFK,BTV,44,266,11,10,2013-03-19T15:00:00Z
2013,3,19,1537,1530,7,1759,1734,25,US,1498,N711UW,LGA,CLT,100,544,15,30,2013-03-19T19:00:00Z
2013,3,19,1609,1555,14,1918,1901,17,DL,91,N3742C,JFK,LAS,309,2248,15,55,2013-03-19T19:00:00Z
2013,3,20,1115,1115,0,1424,1416,8,DL,1875,N338NW,LGA,TPA,158,1010,11,15,2013-03-20T15:00:00Z
2013,3,21,617,630,-13,903,926,-23,B6,983,N603JB,LGA,TPA,144,1010,6,30,2013-03-21T10:00:00Z
2013,3,21,1641,1645,-4,1834,1858,-24,9E,3881,N841AY,EWR,CVG,93,569,16,45,2013-03-21T20:00:00Z
2013,3,21,2220,1915,185,2338,2110,148,9E,3525,N604LR,JFK,ORD,109,740,19,15,2013-03-21T23:00:00Z
2013,3,22,606,610,-4,748,816,-28,DL,1919,N309US,LGA,MSP,142,1020,6,10,2013-03-22T10:00:00Z
2013,3,22,841,840,1,1142,1150,-8,UA,443,N596UA,JFK,LAX,336,2475,8,40,2013-03-22T12:00:00Z
2013,3,22,1114,1120,-6,1228,1302,-34,EV,5273,N600QX,LGA,PIT,56,335,11,20,2013-03-22T15:00:00Z
2013,3,22,1233,1235,-2,1535,1552,-17,DL,1375,N3745B,JFK,SLC,282,1990,12,35,2013-03-22T16:00:00Z
2013,3,23,949,950,-1,1305,1254,11,B6,1101,N559JB,JFK,FLL,159,1069,9,50,2013-03-23T13:00:00Z
2013,3,23,1633,1530,63,2016,1855,81,AA,1039,N3ERAA,JFK,FLL,168,1069,15,30,2013-03-23T19:00:00Z
2013,3,24,1157,1205,-8,1326,1337,-11,UA,1146,N38467,EWR,ORD,125,719,12,5,2013-03-24T16:00:00Z
2013,3,24,1255,1300,-5,1441,1440,1,AA,329,N591AA,LGA,ORD,123,733,13,0,2013-03-24T17:00:00Z
2013,3,24,NA,2045,NA,NA,2219,NA,9E,3395,NA,JFK,DCA,NA,213,20,45,2013-03-25T00:00:00Z
2013,3,25,806,810,-4,1126,1131,-5,DL,2143,N968DL,JFK,MIA,168,1089,8,10,2013-03-25T12:00:00Z
2013,3,25,958,950,8,1310,1254,16,B6,1101,N516JB,JFK,FLL,160,1069,9,50,2013-03-25T13:00:00Z
2013,3,25,1001,1000,1,1511,1530,-19,HA,51,N383HA,JFK,HNL,644,4983,10,0,2013-03-25T14:00:00Z
2013,3,25,1145,1145,0,1452,1451,1,DL,1174,N357NW,LGA,PBI,159,1035,11,45,2013-03-25T15:00:00Z
2013,3,25,1507,1510,-3,1651,1722,-31,UA,212,N538UA,EWR,DEN,202,1605,15,10,2013-03-25T19:00:00Z
2013,3,25,NA,1600,NA,NA,1847,NA,DL,1387,N3743H,JFK,DEN,NA,1626,16,0,2013-03-25T20:00:00Z
2013,3,25,NA,1633,NA,NA,1810,NA,EV,4702,N14117,EWR,GSO,NA,445,16,33,2013-03-25T20:00:00Z
2013,3,26,946,950,-4,1158,1205,-7,9E,4060,N8942A,LGA,DAY,82,549,9,50,2013-03-26T13:00:00Z
2013,3,26,1658,1555,63,1857,1810,47,WN,266,N727SW,EWR,DEN,221,1605,15,55,2013-03-26T19:00:00Z
2013,3,26,1949,1955,-6,2059,2131,-32,9E,4127,N8907A,JFK,IAD,55,228,19,55,2013-03-26T23:00:00Z
2013,3,27,1218,1205,13,1522,1520,2,AA,743,N4XRAA,LGA,DFW,206,1389,12,5,2013-03-27T16:00:00Z
2013,3,27,1421,1425,-4,1727,1750,-23,UA,257,N510UA,JFK,SFO,344,2586,14,25,2013-03-27T18:00:00Z
2013,3,27,1757,1805,-8,1932,1945,-13,9E,4019,N8932C,JFK,RIC,56,288,18,5,2013-03-27T22:00:00Z
2013,3,28,1034,1029,5,1210,1235,-25,EV,5134,N738EV,EWR,DTW,75,488,10,29,2013-03-28T14:00:00Z
2013,3,28,1259,1300,-1,1410,1407,3,US,2175,N746UW,LGA,DCA,45,214,13,0,2013-03-28T17:00:00Z
2013,3,28,1418,1422,-4,1703,1715,-12,UA,1166,N26123,EWR,TPA,142,997,14,22,2013-03-28T18:00:00Z
2013,3,28,1520,1525,-5,1645,1655,-10,MQ,3823,N512MQ,JFK,DCA,55,213,15,25,2013-03-28T19:00:00Z
2013,3,28,1627,1635,-8,1839,1901,-22,US,656,N663AW,EWR,PHX,295,2133,16,35,2013-03-28T20:00:00Z
2013,3,28,1738,1740,-2,1846,1915,-29,WN,573,N225WN,LGA,MDW,105,725,17,40,2013-03-28T21:00:00Z
2013,3,28,1843,1800,43,2209,2109,60,B6,989,N657JB,JFK,FLL,175,1069,18,0,2013-03-28T22:00:00Z
2013,3,29,807,815,-8,1008,1010,-2,MQ,4490,N720MQ,LGA,CMH,78,479,8,15,2013-03-29T12:00:00Z
2013,3,29,831,835,-4,1043,1114,-31,DL,2170,N399DA,JFK,PHX,293,2153,8,35,2013-03-29T12:00:00Z
2013,3,29,1736,1736,0,2007,2029,-22,B6,9,N593JB,JFK,MCO,134,944,17,36,2013-03-29T21:00:00Z
2013,3,31,805,810,-5,1040,1055,-15,DL,1429,N380DA,JFK,LAS,303,2248,8,10,2013-03-31T12:00:00Z
2013,3,31,831,835,-4,1040,1114,-34,DL,2170,N3737C,JFK,PHX,294,2153,8,35,2013-03-31T12:00:00Z
2013,4,1,657,700,-3,1011,1027,-16,DL,1415,N690DL,JFK,SLC,286,1990,7,0,2013-04-01T11:00:00Z
2013,4,1,1113,1115,-2,1240,1255,-15,WN,292,N747SA,LGA,BNA,122,764,11,15,2013-04-01T15:00:00Z
2013,4,1,2024,2029,-5,2334,2333,1,UA,771,N554UA,JFK,LAX,347,2475,20,29,2013-04-02T00:00:00Z
2013,4,1,2028,2030,-2,2135,2154,-19,DL,985,N326US,JFK,BOS,34,187,20,30,2013-04-02T00:00:00Z
2013,4,1,2146,2146,0,134,142,-8,B6,701,N190JB,JFK,SJU,210,1598,21,46,2013-04-02T01:00:00Z
2013,4,2,925,929,-4,1032,1044,-12,EV,4636,N13978,EWR,DCA,43,199,9,29,2013-04-02T13:00:00Z
2013,4,2,1958,1905,53,2129,2045,44,WN,3696,N232WN,LGA,MKE,111,738,19,5,2013-04-02T23:00:00Z
2013,4,3,1737,1740,-3,2020,2044,-24,DL,1629,N3767,JFK,LAS,305,2248,17,40,2013-04-03T21:00:00Z
2013,4,3,1920,1929,-9,2049,2109,-20,MQ,4569,N721MQ,LGA,RDU,73,431,19,29,2013-04-03T23:00:00Z
2013,4,4,728,730,-2,1035,1050,-15,AA,33,N335AA,JFK,LAX,341,2475,7,30,2013-04-04T11:00:00Z
2013,4,4,1700,1700,0,2058,2015,43,B6,15,N228JB,JFK,FLL,191,1069,17,0,2013-04-04T21:00:00Z
2013,4,4,1725,1729,-4,2155,2057,58,UA,512,N510UA,JFK,SFO,356,2586,17,29,2013-04-04T21:00:00Z
2013,4,4,1842,1845,-3,2154,2217,-23,B6,171,N516JB,JFK,SMF,338,2521,18,45,2013-04-04T22:00:00Z
2013,4,4,1933,1930,3,2243,2228,15,UA,1632,N17244,EWR,PBI,157,1023,19,30,2013-04-04T23:00:00Z
2013,4,5,756,800,-4,1001,959,2,B6,219,N296JB,JFK,CLT,95,541,8,0,2013-04-05T12:00:00Z
2013,4,5,810,815,-5,933,1008,-35,9E,3521,N921XJ,JFK,ORD,122,740,8,15,2013-04-05T12:00:00Z
2013,4,5,1839,1847,-8,2156,2219,-23,UA,346,N512UA,JFK,SFO,348,2586,18,47,2013-04-05T22:00:00Z
2013,4,6,605,606,-1,738,757,-19,UA,576,N463UA,EWR,CLE,72,404,6,6,2013-04-06T10:00:00Z
2013,4,6,729,730,-1,1049,1105,-16,VX,183,N852VA,EWR,SFO,365,2565,7,30,2013-04-06T11:00:00Z
2013,4,6,806,810,-4,1106,1122,-16,DL,2070,N346NB,LGA,RSW,151,1080,8,10,2013-04-06T12:00:00Z
2013,4,6,830,830,0,949,1015,-26,AA,309,N478AA,LGA,ORD,118,733,8,30,2013-04-06T12:00:00Z
2013,4,6,1556,1600,-4,1904,1926,-22,DL,1043,N3769L,JFK,SEA,336,2422,16,0,2013-04-06T20:00:00Z
2013,4,6,2043,2045,-2,2152,2216,-24,9E,3395,N602LR,JFK,DCA,41,213,20,45,2013-04-07T00:00:00Z
2013,4,6,2136,2124,12,2236,2229,7,UA,1066,N33294,EWR,BOS,42,200,21,24,2013-04-07T01:00:00Z
2013,4,7,1735,1725,10,2016,2017,-1,UA,1109,N17104,EWR,MCO,131,937,17,25,2013-04-07T21:00:00Z
2013,4,8,1142,1145,-3,1428,1431,-3,B6,625,N184JB,JFK,HOU,208,1428,11,45,2013-04-08T15:00:00Z
2013,4,8,1527,1539,-12,1707,1735,-28,UA,404,N855UA,LGA,CLE,76,419,15,39,2013-04-08T19:00:00Z
2013,4,8,1822,1829,-7,2020,2040,-20,9E,4059,N8790A,LGA,DAY,85,549,18,29,2013-04-08T22:00:00Z
2013,4,9,1452,1454,-2,1748,1809,-21,UA,1630,N17139,EWR,SFO,329,2565,14,54,2013-04-09T18:00:00Z
2013,4,9,1656,1633,23,1949,1945,4,UA,992,N486UA,EWR,LAX,321,2454,16,33,2013-04-09T20:00:00Z
2013,4,9,1928,1915,13,2022,2044,-22,9E,3369,N908XJ,JFK,BWI,35,184,19,15,2013-04-09T23:00:00Z
2013,4,10,655,700,-5,802,808,-6,US,2163,N762US,LGA,DCA,42,214,7,0,2013-04-10T11:00:00Z
2013,4,10,952,959,-7,1151,1200,-9,US,1277,N755US,LGA,CLT,80,544,9,59,2013-04-10T13:00:00Z
2013,4,10,1802,1802,0,2238,2138,60,UA,1462,N14228,EWR,SFO,414,2565,18,2,2013-04-10T22:00:00Z
2013,4,11,1542,1345,117,1738,1546,112,EV,4193,N33182,EWR,MSP,156,1008,13,45,2013-04-11T17:00:00Z
2013,4,12,707,710,-3,1018,1033,-15,B6,671,N590JB,JFK,LAX,329,2475,7,10,2013-04-12T11:00:00Z
2013,4,12,836,840,-4,1031,1014,17,9E,3432,N902XJ,JFK,DCA,72,213,8,40,2013-04-12T12:00:00Z
2013,4,12,856,900,-4,1017,1035,-18,EV,5025,N723EV,LGA,BTV,41,258,9,0,2013-04-12T13:00:00Z
2013,4,13,612,606,6,907,908,-1,UA,1170,N27213,EWR,FLL,152,1065,6,6,2013-04-13T10:00:00Z
2013,4,13,1312,1315,-3,1458,1501,-3,US,1291,N711UW,EWR,CLT,85,529,13,15,2013-04-13T17:00:00Z
2013,4,13,1316,1320,-4,1652,1710,-18,B6,705,N534JB,JFK,SJU,199,1598,13,20,2013-04-13T17:00:00Z
2013,4,13,2043,2045,-2,2156,2216,-20,9E,3395,N917XJ,JFK,DCA,41,213,20,45,2013-04-14T00:00:00Z
2013,4,14,1125,1125,0,1305,1305,0,AA,327,N4WRAA,LGA,ORD,126,733,11,25,2013-04-14T15:00:00Z
2013,4,14,1822,1829,-7,2035,2039,-4,EV,4295,N34110,EWR,MCI,162,1092,18,29,2013-04-14T22:00:00Z
2013,4,14,1857,1900,-3,2018,2015,3,US,2187,N946UW,LGA,DCA,47,214,19,0,2013-04-14T23:00:00Z
2013,4,15,755,800,-5,930,914,16,US,2165,N770UW,LGA,DCA,52,214,8,0,2013-04-15T12:00:00Z
2013,4,15,1032,1035,-3,1408,1408,0,B6,641,N618JB,JFK,SFO,375,2586,10,35,2013-04-15T14:00:00Z
2013,4,15,1139,1146,-7,1412,1440,-28,UA,939,N855UA,EWR,TPA,137,997,11,46,2013-04-15T15:00:00Z
2013,4,15,1717,1725,-8,2021,2020,1,AA,1901,N3GPAA,JFK,IAH,211,1417,17,25,2013-04-15T21:00:00Z
2013,4,16,1012,1011,1,1310,1317,-7,UA,1420,N33292,EWR,LAX,337,2454,10,11,2013-04-16T14:00:00Z
2013,4,16,1255,1115,100,1459,1305,114,MQ,4485,N713MQ,LGA,CMH,76,479,11,15,2013-04-16T15:00:00Z
2013,4,16,1520,1457,23,1759,1754,5,B6,63,N663JB,JFK,TPA,137,1005,14,57,2013-04-16T18:00:00Z
2013,4,16,1827,1829,-2,2129,2139,-10,UA,1219,N28457,EWR,SEA,341,2402,18,29,2013-04-16T22:00:00Z
2013,4,16,1847,1859,-12,2107,2122,-15,FL,645,N936AT,LGA,ATL,108,762,18,59,2013-04-16T22:00:00Z
2013,4,16,NA,1925,NA,NA,2230,NA,AA,1787,N3BVAA,JFK,TPA,NA,1005,19,25,2013-04-16T23:00:00Z
2013,4,17,1653,1700,-7,1753,1821,-28,US,2183,N750UW,LGA,DCA,41,214,17,0,2013-04-17T21:00:00Z
2013,4,17,1718,1545,93,2008,1907,61,DL,1982,N932DL,LGA,MIA,144,1096,15,45,2013-04-17T19:00:00Z
2013,4,17,2016,2015,1,2217,2239,-22,9E,4033,N8543F,LGA,TYS,94,647,20,15,2013-04-18T00:00:00Z
2013,4,17,2110,2037,33,44,30,14,UA,1244,N36272,EWR,SJU,190,1608,20,37,2013-04-18T00:00:00Z
2013,4,17,NA,1930,NA,NA,2101,NA,EV,3806,N11551,EWR,BNA,NA,748,19,30,2013-04-17T23:00:00Z
2013,4,18,656,700,-4,945,1010,-25,AA,2279,N3EBAA,LGA,MIA,147,1096,7,0,2013-04-18T11:00:00Z
2013,4,18,1808,1815,-7,1944,1948,-4,9E,4277,N8709A,JFK,ORF,48,290,18,15,2013-04-18T22:00:00Z
2013,4,19,1745,1740,5,2200,2036,84,B6,9,N559JB,JFK,MCO,173,944,17,40,2013-04-19T21:00:00Z
2013,4,19,NA,2106,NA,NA,2334,NA,EV,4631,N26549,EWR,JAX,NA,820,21,6,2013-04-20T01:00:00Z
2013,4,20,1311,1245,26,1454,1444,10,DL,1131,N961DL,LGA,DTW,86,502,12,45,2013-04-20T16:00:00Z
2013,4,20,1632,1640,-8,1823,1845,-22,MQ,4540,N738MQ,LGA,DTW,88,502,16,40,2013-04-20T20:00:00Z
2013,4,21,1110,1050,20,1222,1224,-2,UA,792,N447UA,EWR,ORD,111,719,10,50,2013-04-21T14:00:00Z
2013,4,21,1258,1300,-2,1412,1410,2,US,2175,N947UW,LGA,DCA,47,214,13,0,2013-04-21T17:00:00Z
2013,4,21,1758,1800,-2,2103,2114,-11,B6,989,N760JB,JFK,FLL,161,1069,18,0,2013-04-21T22:00:00Z
2013,4,21,1920,1922,-2,2312,2304,8,UA,148,N76254,EWR,SFO,356,2565,19,22,2013-04-21T23:00:00Z
2013,4,22,553,600,-7,905,845,20,B6,145,N633JB,JFK,PBI,161,1028,6,0,2013-04-22T10:00:00Z
2013,4,22,558,600,-2,737,745,-8,WN,3938,N8612K,LGA,STL,131,888,6,0,2013-04-22T10:00:00Z
2013,4,22,703,705,-2,1035,1009,26,DL,1879,N342NW,LGA,FLL,167,1076,7,5,2013-04-22T11:00:00Z
2013,4,22,729,731,-2,1101,1110,-9,B6,643,N809JB,JFK,SFO,361,2586,7,31,2013-04-22T11:00:00Z
2013,4,22,841,839,2,953,950,3,B6,1172,N279JB,EWR,BOS,36,200,8,39,2013-04-22T12:00:00Z
2013,4,22,903,600,183,1129,805,204,EV,5363,N753EV,LGA,MEM,133,963,6,0,2013-04-22T10:00:00Z
2013,4,22,1337,1330,7,1847,1815,32,UA,15,N77066,EWR,HNL,638,4963,13,30,2013-04-22T17:00:00Z
2013,4,23,750,800,-10,1000,958,2,B6,1273,N318JB,JFK,CHS,104,636,8,0,2013-04-23T12:00:00Z
2013,4,23,1800,1529,151,1908,1647,141,EV,4583,N27962,EWR,BNA,111,748,15,29,2013-04-23T19:00:00Z
2013,4,24,707,710,-3,948,1002,-14,UA,1718,N26208,EWR,TPA,139,997,7,10,2013-04-24T11:00:00Z
2013,4,24,1034,1000,34,1234,1138,56,UA,673,N801UA,LGA,ORD,120,733,10,0,2013-04-24T14:00:00Z
2013,4,24,1445,1442,3,1802,1749,13,UA,1164,N24211,EWR,FLL,166,1065,14,42,2013-04-24T18:00:00Z
2013,4,25,1930,1935,-5,2314,2256,18,DL,1433,N366NB,LGA,RSW,159,1080,19,35,2013-04-25T23:00:00Z
2013,4,27,1524,1508,16,1820,1819,1,DL,1902,N932DL,LGA,PBI,140,1035,15,8,2013-04-27T19:00:00Z
2013,4,28,859,859,0,1145,1155,-10,UA,1028,N36469,EWR,PBI,138,1023,8,59,2013-04-28T12:00:00Z
2013,4,28,1341,1300,41,1452,1420,32,WN,2152,N253WN,EWR,BNA,114,748,13,0,2013-04-28T17:00:00Z
2013,4,28,1836,1830,6,2103,2100,3,WN,1545,N917WN,EWR,MSY,169,1167,18,30,2013-04-28T22:00:00Z
2013,4,29,1155,1100,55,1323,1218,65,EV,4371,N13958,EWR,BNA,112,748,11,0,2013-04-29T15:00:00Z
2013,4,30,921,925,-4,1030,1047,-17,B6,108,N657JB,JFK,BUF,52,301,9,25,2013-04-30T13:00:00Z
2013,4,30,1410,1415,-5,1516,1527,-11,B6,1010,N309JB,JFK,BOS,34,187,14,15,2013-04-30T18:00:00Z
2013,4,30,2237,2245,-8,2337,2359,-22,B6,128,N328JB,JFK,BTV,46,266,22,45,2013-05-01T02:00:00Z
2013,5,1,742,745,-3,935,956,-21,EV,4237,N13132,EWR,CHS,93,628,7,45,2013-05-01T11:00:00Z
2013,5,1,1447,1450,-3,1633,1635,-2,MQ,4403,N804MQ,JFK,RDU,71,427,14,50,2013-05-01T18:00:00Z
2013,5,1,1829,1830,-1,1929,1940,-11,MQ,3944,N635MQ,JFK,BWI,33,184,18,30,2013-05-01T22:00:00Z
2013,5,1,1921,1929,-8,2048,2109,-21,MQ,4569,N840MQ,LGA,RDU,69,431,19,29,2013-05-01T23:00:00Z
2013,5,1,2054,2105,-11,2231,2305,-34,MQ,4573,N725MQ,LGA,DTW,76,502,21,5,2013-05-02T01:00:00Z
2013,5,2,708,644,24,817,813,4,UA,1137,N37437,EWR,ORD,109,719,6,44,2013-05-02T10:00:00Z
2013,5,2,751,756,-5,921,931,-10,B6,1103,N179JB,JFK,RDU,67,427,7,56,2013-05-02T11:00:00Z
2013,5,2,1125,1131,-6,1401,1446,-45,UA,1291,N73278,EWR,SFO,313,2565,11,31,2013-05-02T15:00:00Z
2013,5,2,1446,1450,-4,1812,1745,27,AA,1813,N5EXAA,JFK,MCO,137,944,14,50,2013-05-02T18:00:00Z
2013,5,2,1449,1435,14,1603,1611,-8,UA,558,N464UA,EWR,CLE,60,404,14,35,2013-05-02T18:00:00Z
2013,5,3,904,838,26,1111,1045,26,EV,4548,N36915,EWR,MCI,153,1092,8,38,2013-05-03T12:00:00Z
2013,5,3,1025,1030,-5,1318,1336,-18,UA,1572,N24729,EWR,RSW,158,1068,10,30,2013-05-03T14:00:00Z
2013,5,3,1031,1035,-4,1138,1151,-13,UA,809,N475UA,EWR,BOS,39,200,10,35,2013-05-03T14:00:00Z
2013,5,3,1735,1745,-10,2011,2050,-39,AA,785,N3FRAA,LGA,DFW,188,1389,17,45,2013-05-03T21:00:00Z
2013,5,4,656,700,-4,950,1032,-42,DL,1865,N707TW,JFK,SFO,318,2586,7,0,2013-05-04T11:00:00Z
2013,5,4,858,900,-2,1125,1139,-14,DL,1747,N689DL,LGA,ATL,116,762,9,0,2013-05-04T13:00:00Z
2013,5,5,557,605,-8,849,910,-21,AA,1837,N3AXAA,LGA,MIA,149,1096,6,5,2013-05-05T10:00:00Z
2013,5,5,611,615,-4,807,810,-3,US,1288,N746UW,JFK,CLT,86,541,6,15,2013-05-05T10:00:00Z
2013,5,5,722,725,-3,834,905,-31,AA,305,N553AA,LGA,ORD,107,733,7,25,2013-05-05T11:00:00Z
2013,5,5,1535,1541,-6,1654,1740,-46,UA,1719,N14704,LGA,CLE,60,419,15,41,2013-05-05T19:00:00Z
2013,5,6,811,800,11,1114,1105,9,B6,25,N712JB,JFK,FLL,155,1069,8,0,2013-05-06T12:00:00Z
2013,5,7,1240,1220,20,1432,1415,17,EV,3805,N13989,EWR,DTW,88,488,12,20,2013-05-07T16:00:00Z
2013,5,8,1008,1015,-7,1306,1310,-4,AA,731,N3JDAA,LGA,DFW,178,1389,10,15,2013-05-08T14:00:00Z
2013,5,9,1113,1115,-2,1250,1250,0,WN,3421,N468WN,LGA,BNA,106,764,11,15,2013-05-09T15:00:00Z
2013,5,9,1301,1245,16,1502,1455,7,EV,4567,N12157,EWR,MCI,159,1092,12,45,2013-05-09T16:00:00Z
2013,5,9,1745,1740,5,1917,1935,-18,WN,1596,N526SW,EWR,STL,130,872,17,40,2013-05-09T21:00:00Z
2013,5,10,939,820,79,1059,940,79,MQ,4655,N546MQ,LGA,BNA,105,764,8,20,2013-05-10T12:00:00Z
2013,5,10,1241,1245,-4,1342,1350,-8,AA,1850,N3JVAA,JFK,BOS,34,187,12,45,2013-05-10T16:00:00Z
2013,5,11,1604,1600,4,1945,1920,25,DL,1373,N367NW,JFK,MIA,166,1089,16,0,2013-05-11T20:00:00Z
2013,5,12,2130,2030,60,14,2356,18,B6,677,N789JB,JFK,LAX,300,2475,20,30,2013-05-13T00:00:00Z
2013,5,13,739,735,4,930,1005,-35,WN,2870,N433LV,LGA,DEN,211,1620,7,35,2013-05-13T11:00:00Z
2013,5,13,1535,1515,20,1815,1758,17,UA,1576,N38454,EWR,IAH,197,1400,15,15,2013-05-13T19:00:00Z
2013,5,13,1849,1855,-6,2032,2056,-24,US,1491,N183UW,LGA,CLT,82,544,18,55,2013-05-13T22:00:00Z
2013,5,14,745,755,-10,906,920,-14,MQ,3737,N528MQ,EWR,ORD,110,719,7,55,2013-05-14T11:00:00Z
2013,5,14,834,840,-6,1044,1038,6,EV,4297,N14950,EWR,DTW,88,488,8,40,2013-05-14T12:00:00Z
2013,5,14,1836,1830,6,2123,2115,8,UA,669,N519UA,EWR,LAS,286,2227,18,30,2013-05-14T22:00:00Z
2013,5,15,628,630,-2,819,832,-13,US,1433,N557UW,LGA,CLT,77,544,6,30,2013-05-15T10:00:00Z
2013,5,15,1050,1050,0,1214,1209,5,B6,4,N236JB,JFK,BUF,60,301,10,50,2013-05-15T14:00:00Z
2013,5,15,1607,1552,15,1908,1900,8,UA,423,N491UA,EWR,FLL,163,1065,15,52,2013-05-15T19:00:00Z
2013,5,15,1636,1629,7,1824,1820,4,EV,4411,N13994,EWR,MEM,140,946,16,29,2013-05-15T20:00:00Z
2013,5,15,1748,1755,-7,1905,1930,-25,MQ,4601,N519MQ,LGA,RDU,66,431,17,55,2013-05-15T21:00:00Z
2013,5,15,2155,2030,85,50,2356,54,B6,677,N807JB,JFK,LAX,321,2475,20,30,2013-05-16T00:00:00Z
2013,5,17,906,900,6,1201,1201,0,DL,1885,N324US,LGA,MCO,127,950,9,0,2013-05-17T13:00:00Z
2013,5,17,1122,1004,78,1302,1200,62,EV,4255,N21197,EWR,CHS,86,628,10,4,2013-05-17T14:00:00Z
2013,5,17,1731,1632,59,2025,1956,29,B6,675,N658JB,JFK,LAX,318,2475,16,32,2013-05-17T20:00:00Z
2013,5,18,552,600,-8,743,753,-10,DL,731,N318NB,LGA,DTW,81,502,6,0,2013-05-18T10:00:00Z
2013,5,18,1624,1630,-6,1825,1838,-13,DL,2231,N329NW,LGA,DTW,83,502,16,30,2013-05-18T20:00:00Z
2013,5,18,1640,1610,30,1810,1808,2,9E,3334,N928XJ,JFK,PIT,65,340,16,10,2013-05-18T20:00:00Z
2013,5,19,1326,1327,-1,1556,1528,28,EV,4163,N11106,EWR,MSP,142,1008,13,27,2013-05-19T17:00:00Z
2013,5,20,1058,1059,-1,1349,1340,9,UA,259,N830UA,EWR,IAH,197,1400,10,59,2013-05-20T14:00:00Z
2013,5,20,1854,1900,-6,2008,2015,-7,US,2187,N754UW,LGA,DCA,38,214,19,0,2013-05-20T23:00:00Z
2013,5,21,915,920,-5,1234,1225,9,AA,1739,N436AA,EWR,DFW,201,1372,9,20,2013-05-21T13:00:00Z
2013,5,21,956,959,-3,1139,1200,-21,US,1277,N756US,LGA,CLT,75,544,9,59,2013-05-21T13:00:00Z
2013,5,21,1030,1030,0,1331,1350,-19,UA,1120,N39450,EWR,SFO,339,2565,10,30,2013-05-21T14:00:00Z
2013,5,21,1936,1940,-4,2219,2252,-33,DL,1854,N945DL,LGA,FLL,146,1076,19,40,2013-05-21T23:00:00Z
2013,5,23,548,550,-2,832,845,-13,UA,1077,N37263,EWR,MIA,144,1085,5,50,2013-05-23T09:00:00Z
2013,5,23,1022,1029,-7,1202,1229,-27,EV,4398,N11193,EWR,DSM,138,1017,10,29,2013-05-23T14:00:00Z
2013,5,23,1725,1629,56,2114,1853,141,US,17,N553UW,JFK,PHX,293,2153,16,29,2013-05-23T20:00:00Z
2013,5,23,2112,2115,-3,2348,2355,-7,B6,529,N712JB,EWR,MCO,133,937,21,15,2013-05-24T01:00:00Z
2013,5,23,2318,1745,333,153,2031,322,B6,527,N507JB,EWR,MCO,129,937,17,45,2013-05-23T21:00:00Z
2013,5,24,1137,1131,6,1411,1424,-13,UA,745,N449UA,EWR,TPA,138,997,11,31,2013-05-24T15:00:00Z
2013,5,24,1535,1500,35,1652,1638,14,UA,665,N461UA,LGA,ORD,107,733,15,0,2013-05-24T19:00:00Z
2013,5,24,1542,1545,-3,1757,1812,-15,DL,1705,N349NB,LGA,MSY,157,1183,15,45,2013-05-24T19:00:00Z
2013,5,24,1615,1530,45,1913,1831,42,DL,1935,N342NW,LGA,TPA,137,1010,15,30,2013-05-24T19:00:00Z
2013,5,24,1938,1940,-2,2133,2130,3,MQ,3783,N513MQ,JFK,CMH,71,483,19,40,2013-05-24T23:00:00Z
2013,5,24,2126,1925,121,2331,2138,113,9E,3899,N8577D,JFK,CLE,75,425,19,25,2013-05-24T23:00:00Z
2013,5,24,2220,2030,110,2320,2150,90,WN,490,N447WN,EWR,MDW,102,711,20,30,2013-05-25T00:00:00Z
2013,5,25,1046,1045,1,1211,1219,-8,UA,995,N824UA,EWR,ORD,113,719,10,45,2013-05-25T14:00:00Z
2013,5,27,1244,1245,-1,1517,1543,-26,B6,505,N659JB,EWR,FLL,138,1065,12,45,2013-05-27T16:00:00Z
2013,5,27,1438,1447,-9,1641,1642,-1,EV,4381,N13566,EWR,DTW,95,488,14,47,2013-05-27T18:00:00Z
2013,5,27,1448,1455,-7,1610,1638,-28,9E,3318,N908XJ,JFK,BUF,54,301,14,55,2013-05-27T18:00:00Z
2013,5,27,1545,1540,5,1704,1648,16,US,1607,N948UW,LGA,PHL,39,96,15,40,2013-05-27T19:00:00Z
2013,5,27,1700,1700,0,2013,2035,-22,B6,91,N606JB,JFK,OAK,346,2576,17,0,2013-05-27T21:00:00Z
2013,5,27,1856,1836,20,2033,2015,18,B6,130,N266JB,JFK,BUF,58,301,18,36,2013-05-27T22:00:00Z
2013,5,28,754,800,-6,930,945,-15,9E,3611,N8855A,JFK,PIT,68,340,8,0,2013-05-28T12:00:00Z
2013,5,28,847,847,0,1128,1135,-7,UA,1025,N27724,LGA,IAH,185,1416,8,47,2013-05-28T12:00:00Z
2013,5,28,1449,1455,-6,1729,1753,-24,UA,770,N416UA,LGA,IAH,189,1416,14,55,2013-05-28T18:00:00Z
2013,5,28,1951,1955,-4,2125,2139,-14,EV,4106,N14972,LGA,CLE,68,419,19,55,2013-05-28T23:00:00Z
2013,5,29,959,1004,-5,1158,1215,-17,DL,2319,N347NW,LGA,MSP,145,1020,10,4,2013-05-29T14:00:00Z
2013,5,29,1359,1359,0,1548,1554,-6,MQ,4577,N506MQ,LGA,CLT,78,544,13,59,2013-05-29T17:00:00Z
2013,5,30,1457,1435,22,1729,1735,-6,UA,1534,N78448,EWR,MIA,135,1085,14,35,2013-05-30T18:00:00Z
2013,5,31,836,839,-3,1057,1143,-46,B6,175,N746JB,JFK,SEA,302,2422,8,39,2013-05-31T12:00:00Z
2013,5,31,1151,1129,22,1355,1405,-10,UA,1605,N37464,EWR,LAS,288,2227,11,29,2013-05-31T15:00:00Z
2013,5,31,2040,2031,9,2348,2348,0,B6,1069,N663JB,JFK,AUS,210,1521,20,31,2013-06-01T00:00:00Z
2013,6,1,916,925,-9,1154,1235,-41,AA,1097,N482AA,LGA,DFW,192,1389,9,25,2013-06-01T13:00:00Z
2013,6,1,1954,1955,-1,2116,2110,6,AA,1762,N3EMAA,JFK,BOS,41,187,19,55,2013-06-01T23:00:00Z
2013,6,2,1149,1155,-6,1304,1310,-6,MQ,4425,N817MQ,JFK,DCA,52,213,11,55,2013-06-02T15:00:00Z
2013,6,2,1338,1345,-7,1512,1520,-8,MQ,4605,N505MQ,LGA,RDU,65,431,13,45,2013-06-02T17:00:00Z
2013,6,2,1907,1659,128,2128,1900,148,EV,4517,N12172,EWR,MSP,149,1008,16,59,2013-06-02T20:00:00Z
2013,6,2,1914,1915,-1,2154,2154,0,DL,245,N378DA,JFK,PHX,297,2153,19,15,2013-06-02T23:00:00Z
2013,6,2,1949,1949,0,2239,2323,-44,UA,1625,N76505,EWR,LAX,316,2454,19,49,2013-06-02T23:00:00Z
2013,6,2,NA,1659,NA,NA,1906,NA,9E,3881,NA,EWR,CVG,NA,569,16,59,2013-06-02T20:00:00Z
2013,6,3,1130,1100,30,1259,1245,14,MQ,4471,N721MQ,LGA,RDU,69,431,11,0,2013-06-03T15:00:00Z
2013,6,3,1157,1100,57,1316,1213,63,US,2171,N708UW,LGA,DCA,54,214,11,0,2013-06-03T15:00:00Z
2013,6,4,1855,1900,-5,2024,2031,-7,EV,4191,N15574,EWR,BNA,109,748,19,0,2013-06-04T23:00:00Z
2013,6,4,1857,1859,-2,2134,2121,13,FL,778,N981AT,LGA,ATL,103,762,18,59,2013-06-04T22:00:00Z
2013,6,5,554,600,-6,709,720,-11,MQ,3768,N9EAMQ,EWR,ORD,111,719,6,0,2013-06-05T10:00:00Z
2013,6,5,638,645,-7,845,908,-23,US,15,N552UW,JFK,PHX,288,2153,6,45,2013-06-05T10:00:00Z
2013,6,6,844,848,-4,1055,1050,5,EV,4486,N12569,EWR,CVG,98,569,8,48,2013-06-06T12:00:00Z
2013,6,6,1027,1030,-3,1330,1345,-15,VX,187,N530VA,EWR,SFO,332,2565,10,30,2013-06-06T14:00:00Z
2013,6,6,1250,1205,45,1528,1425,63,MQ,4658,N517MQ,LGA,ATL,126,762,12,5,2013-06-06T16:00:00Z
2013,6,6,1514,1445,29,1656,1625,31,AA,2223,N471AA,LGA,STL,137,888,14,45,2013-06-06T18:00:00Z
2013,6,6,1946,1939,7,2255,2318,-23,UA,1666,N75429,EWR,SFO,332,2565,19,39,2013-06-06T23:00:00Z
2013,6,6,2046,2029,17,2334,2313,21,UA,350,N437UA,EWR,IAH,187,1400,20,29,2013-06-07T00:00:00Z
2013,6,6,2052,2100,-8,2201,2212,-11,US,2191,N755US,LGA,DCA,49,214,21,0,2013-06-07T01:00:00Z
2013,6,7,1029,1030,-1,1240,1243,-3,DL,2343,N305DQ,EWR,ATL,108,746,10,30,2013-06-07T14:00:00Z
2013,6,7,1951,1930,21,2235,2230,5,AA,791,N3JJAA,LGA,DFW,196,1389,19,30,2013-06-07T23:00:00Z
2013,6,8,747,750,-3,1136,1155,-19,AA,655,N5FPAA,JFK,STT,202,1623,7,50,2013-06-08T11:00:00Z
2013,6,8,1802,1700,62,1905,1830,35,MQ,4410,N822MQ,JFK,DCA,40,213,17,0,2013-06-08T21:00:00Z
2013,6,9,823,829,-6,1008,1034,-26,MQ,4478,N735MQ,LGA,DTW,80,502,8,29,2013-06-09T12:00:00Z
2013,6,9,1207,1211,-4,1353,1415,-22,EV,4640,N16951,EWR,DAY,83,533,12,11,2013-06-09T16:00:00Z
2013,6,9,1254,1259,-5,1529,1530,-1,DL,781,N313US,LGA,ATL,110,762,12,59,2013-06-09T16:00:00Z
2013,6,9,1632,1629,3,1930,1927,3,B6,985,N629JB,LGA,TPA,151,1010,16,29,2013-06-09T20:00:00Z
2013,6,9,1925,1925,0,2229,2243,-14,DL,2139,N996DL,LGA,MIA,152,1096,19,25,2013-06-09T23:00:00Z
2013,6,10,702,700,2,1000,1006,-6,DL,2003,N948DL,LGA,MIA,150,1096,7,0,2013-06-10T11:00:00Z
2013,6,10,830,831,-1,1122,1121,1,UA,355,N441UA,EWR,MCO,149,937,8,31,2013-06-10T12:00:00Z
2013,6,10,1706,1700,6,2032,2035,-3,B6,91,N563JB,JFK,OAK,355,2576,17,0,2013-06-10T21:00:00Z
2013,6,11,941,932,9,1259,1236,23,B6,77,N517JB,JFK,FLL,159,1069,9,32,2013-06-11T13:00:00Z
2013,6,11,956,959,-3,1156,1207,-11,EV,4495,N13992,EWR,SAV,101,708,9,59,2013-06-11T13:00:00Z
2013,6,11,1027,1030,-3,1340,1350,-10,VX,23,N624VA,JFK,SFO,347,2586,10,30,2013-06-11T14:00:00Z
2013,6,12,946,959,-13,1240,1310,-30,B6,375,N510JB,LGA,FLL,142,1076,9,59,2013-06-12T13:00:00Z
2013,6,12,1624,1455,89,1746,1612,94,EV,4175,N11544,EWR,IAD,48,212,14,55,2013-06-12T18:00:00Z
2013,6,12,1851,1855,-4,2047,2059,-12,US,1491,N563UW,LGA,CLT,74,544,18,55,2013-06-12T22:00:00Z
2013,6,12,1928,1930,-2,2204,2224,-20,DL,1485,N3732J,LGA,MCO,122,950,19,30,2013-06-12T23:00:00Z
2013,6,13,904,905,-1,1137,1115,22,DL,181,N315US,LGA,DTW,81,502,9,5,2013-06-13T13:00:00Z
2013,6,13,1317,1200,77,1414,1309,65,US,2126,N950UW,LGA,BOS,43,184,12,0,2013-06-13T16:00:00Z
2013,6,13,1618,1443,95,1907,1712,115,EV,4152,N13955,EWR,ATL,132,746,14,43,2013-06-13T18:00:00Z
2013,6,14,1951,1910,41,2100,2056,4,EV,5038,N760EV,LGA,BHM,105,866,19,10,2013-06-14T23:00:00Z
2013,6,14,2125,2028,57,11,2339,32,UA,1682,N73275,EWR,FLL,135,1065,20,28,2013-06-15T00:00:00Z
2013,6,14,2258,2100,118,34,2250,104,MQ,3384,N537MQ,LGA,CLT,71,544,21,0,2013-06-15T01:00:00Z
2013,6,15,834,840,-6,1011,1035,-24,EV,4714,N13964,EWR,CLT,75,529,8,40,2013-06-15T12:00:00Z
2013,6,15,1340,1345,-5,1441,1457,-16,EV,3852,N26549,EWR,BTV,47,266,13,45,2013-06-15T17:00:00Z
2013,6,15,1358,1358,0,1657,1704,-7,B6,209,N526JB,JFK,LGB,334,2465,13,58,2013-06-15T17:00:00Z
2013,6,15,1919,1900,19,2158,2140,18,DL,971,N3754A,JFK,DEN,232,1626,19,0,2013-06-15T23:00:00Z
2013,6,16,656,700,-4,917,930,-13,DL,1547,N645DL,LGA,ATL,107,762,7,0,2013-06-16T11:00:00Z
2013,6,16,740,735,5,1038,1005,33,AA,1949,N3FCAA,JFK,LAS,332,2248,7,35,2013-06-16T11:00:00Z
2013,6,16,848,853,-5,1031,1053,-22,EV,3836,N11547,EWR,CLT,81,529,8,53,2013-06-16T12:00:00Z
2013,6,16,1135,1140,-5,1241,1258,-17,EV,4233,N16170,EWR,BTV,47,266,11,40,2013-06-16T15:00:00Z
2013,6,16,1558,1559,-1,1741,1745,-4,B6,6,N348JB,JFK,BUF,56,301,15,59,2013-06-16T19:00:00Z
2013,6,16,1646,1651,-5,1818,1900,-42,DL,1473,N371NB,LGA,MEM,133,963,16,51,2013-06-16T20:00:00Z
2013,6,17,817,815,2,1014,1030,-16,9E,3538,N926XJ,JFK,MSP,159,1029,8,15,2013-06-17T12:00:00Z
2013,6,17,846,850,-4,953,1005,-12,EV,4420,N15983,EWR,ORF,46,284,8,50,2013-06-17T12:00:00Z
2013,6,17,1004,1003,1,1138,1135,3,FL,353,N919AT,LGA,CAK,63,397,10,3,2013-06-17T14:00:00Z
2013,6,17,2042,1950,52,2219,2130,49,AA,363,N538AA,LGA,ORD,126,733,19,50,2013-06-17T23:00:00Z
2013,6,18,852,840,12,1139,1139,0,UA,443,N560UA,JFK,LAX,323,2475,8,40,2013-06-18T12:00:00Z
2013,6,18,859,905,-6,1106,1115,-9,DL,181,N330NW,LGA,DTW,87,502,9,5,2013-06-18T13:00:00Z
2013,6,18,1119,1125,-6,1432,1440,-8,AA,2099,N3HHAA,LGA,MIA,147,1096,11,25,2013-06-18T15:00:00Z
2013,6,19,943,930,13,1249,1248,1,UA,1281,N79279,EWR,SFO,339,2565,9,30,2013-06-19T13:00:00Z
2013,6,19,1242,1238,4,1430,1428,2,EV,5796,N14920,EWR,CLT,84,529,12,38,2013-06-19T16:00:00Z
2013,6,19,1506,1505,1,1841,1835,6,AA,1769,N361AA,JFK,MIA,154,1089,15,5,2013-06-19T19:00:00Z
2013,6,19,1611,1600,11,1808,1815,-7,MQ,3075,N636MQ,JFK,CVG,93,589,16,0,2013-06-19T20:00:00Z
2013,6,19,1802,1800,2,1939,1947,-8,UA,691,N850UA,LGA,ORD,115,733,18,0,2013-06-19T22:00:00Z
2013,6,19,1815,1815,0,2155,2140,15,DL,17,N199DN,JFK,LAX,336,2475,18,15,2013-06-19T22:00:00Z
2013,6,19,1933,1910,23,2219,2237,-18,DL,1091,N368NB,JFK,SAT,203,1587,19,10,2013-06-19T23:00:00Z
2013,6,20,559,600,-1,857,904,-7,UA,774,N811UA,EWR,RSW,146,1068,6,0,2013-06-20T10:00:00Z
2013,6,20,629,634,-5,810,835,-25,EV,4150,N33182,EWR,CVG,84,569,6,34,2013-06-20T10:00:00Z
2013,6,20,1526,1505,21,1828,1835,-7,AA,1769,N396AA,JFK,MIA,154,1089,15,5,2013-06-20T19:00:00Z
2013,6,20,1828,1830,-2,2157,2145,12,AA,119,N3GSAA,EWR,LAX,318,2454,18,30,2013-06-20T22:00:00Z
2013,6,20,2007,1950,17,2224,2215,9,EV,5092,N134EV,EWR,ATL,103,746,19,50,2013-06-20T23:00:00Z
2013,6,22,1754,1749,5,1854,1859,-5,EV,4373,N27962,EWR,DCA,36,199,17,49,2013-06-22T21:00:00Z
2013,6,23,1108,1110,-2,1412,1407,5,B6,1129,N561JB,JFK,RSW,160,1074,11,10,2013-06-23T15:00:00Z
2013,6,23,1257,1241,16,1539,1518,21,B6,927,N663JB,EWR,MCO,138,937,12,41,2013-06-23T16:00:00Z
2013,6,24,1320,1120,120,1514,1233,161,B6,208,N348JB,JFK,PWM,47,273,11,20,2013-06-24T15:00:00Z
2013,6,25,1825,1829,-4,2034,2033,1,US,297,N541UW,JFK,CLT,76,541,18,29,2013-06-25T22:00:00Z
2013,6,26,745,750,-5,1015,1027,-12,UA,753,N820UA,EWR,DFW,178,1372,7,50,2013-06-26T11:00:00Z
2013,6,26,1054,1100,-6,1301,1332,-31,DL,1647,N673DL,LGA,ATL,101,762,11,0,2013-06-26T15:00:00Z
2013,6,26,1855,1836,19,2104,2015,49,B6,1202,N178JB,JFK,BUF,54,301,18,36,2013-06-26T22:00:00Z
2013,6,26,2006,1900,66,2239,2156,43,DL,1629,N3767,JFK,LAS,281,2248,19,0,2013-06-26T23:00:00Z
2013,6,27,907,830,37,1036,1010,26,9E,3521,N928XJ,JFK,ORD,111,740,8,30,2013-06-27T12:00:00Z
2013,6,27,1540,1529,11,1913,1856,17,UA,1436,N37465,EWR,SFO,351,2565,15,29,2013-06-27T19:00:00Z
2013,6,27,1559,1610,-11,1944,1845,59,MQ,3357,N542MQ,LGA,ATL,110,762,16,10,2013-06-27T20:00:00Z
2013,6,28,733,730,3,1029,1045,-16,UA,1668,N39450,EWR,SFO,331,2565,7,30,2013-06-28T11:00:00Z
2013,6,28,817,755,22,1015,1009,6,UA,561,N566UA,LGA,DEN,216,1620,7,55,2013-06-28T11:00:00Z
2013,6,29,1808,1810,-2,1908,1935,-27,WN,2115,N414WN,EWR,MDW,106,711,18,10,2013-06-29T22:00:00Z
2013,6,30,630,600,30,801,751,10,EV,5559,N758EV,EWR,DTW,77,488,6,0,2013-06-30T10:00:00Z
2013,6,30,904,900,4,1126,1159,-33,UA,1711,N72405,EWR,IAH,180,1400,9,0,2013-06-30T13:00:00Z
2013,6,30,1246,1255,-9,1449,1440,9,MQ,3388,N724MQ,LGA,CMH,82,479,12,55,2013-06-30T16:00:00Z
2013,6,30,1629,1359,150,2018,1720,178,DL,1565,N723TW,JFK,SFO,317,2586,13,59,2013-06-30T17:00:00Z
2013,6,30,NA,1855,NA,NA,2050,NA,MQ,3349,N539MQ,LGA,MSP,NA,1020,18,55,2013-06-30T22:00:00Z
2013,7,1,751,750,1,1218,1041,97,B6,1717,N624JB,LGA,TPA,176,1010,7,50,2013-07-01T11:00:00Z
2013,7,1,843,849,-6,1331,1154,97,UA,1401,N14214,EWR,MIA,208,1085,8,49,2013-07-01T12:00:00Z
2013,7,1,2034,2030,4,2227,2245,-18,9E,4033,N8745B,LGA,TYS,98,647,20,30,2013-07-02T00:00:00Z
2013,7,2,1749,1705,44,1924,1855,29,AA,345,N598AA,LGA,ORD,112,733,17,5,2013-07-02T21:00:00Z
2013,7,2,1751,1755,-4,2015,2010,5,MQ,3367,N713MQ,LGA,XNA,170,1147,17,55,2013-07-02T21:00:00Z
2013,7,2,1828,1830,-2,2101,2145,-44,AA,119,N3BXAA,EWR,LAX,300,2454,18,30,2013-07-02T22:00:00Z
2013,7,2,2216,2135,41,17,8,9,B6,611,N520JB,JFK,LAS,277,2248,21,35,2013-07-03T01:00:00Z
2013,7,3,834,830,4,1116,1125,-9,UA,1401,N45440,EWR,MIA,144,1085,8,30,2013-07-03T12:00:00Z
2013,7,3,1717,1620,57,1914,1853,21,9E,3341,N931XJ,JFK,DTW,78,509,16,20,2013-07-03T20:00:00Z
2013,7,3,1753,1745,8,1952,1925,27,MQ,3301,N510MQ,LGA,RDU,70,431,17,45,2013-07-03T21:00:00Z
2013,7,4,557,600,-3,657,725,-28,UA,635,N461UA,LGA,ORD,107,733,6,0,2013-07-04T10:00:00Z
2013,7,4,606,615,-9,903,910,-7,AA,1895,N3JPAA,EWR,MIA,142,1085,6,15,2013-07-04T10:00:00Z
2013,7,4,640,638,2,910,914,-4,UA,1591,N53442,EWR,IAH,189,1400,6,38,2013-07-04T10:00:00Z
2013,7,4,1430,1430,0,1554,1558,-4,FL,721,N974AT,LGA,CAK,60,397,14,30,2013-07-04T18:00:00Z
2013,7,5,1243,1250,-7,1421,1446,-25,DL,1131,N351NB,LGA,DTW,76,502,12,50,2013-07-05T16:00:00Z
2013,7,5,2049,2059,-10,2242,2312,-30,EV,4370,N24103,EWR,CHS,90,628,20,59,2013-07-06T00:00:00Z
2013,7,7,815,820,-5,1006,1043,-37,EV,4998,N604QX,LGA,MCI,143,1107,8,20,2013-07-07T12:00:00Z
2013,7,7,1049,1055,-6,1306,1257,9,EV,5677,N12922,EWR,IND,109,645,10,55,2013-07-07T14:00:00Z
2013,7,8,754,800,-6,1156,1200,-4,AA,655,N5FFAA,JFK,STT,216,1623,8,0,2013-07-08T12:00:00Z
2013,7,8,821,825,-4,1117,1117,0,UA,589,N509UA,EWR,MIA,153,1085,8,25,2013-07-08T12:00:00Z
2013,7,8,2001,2000,1,2338,2307,31,UA,1292,N36472,EWR,FLL,149,1065,20,0,2013-07-09T00:00:00Z
2013,7,9,1457,1455,2,1908,1800,68,AA,1751,N3EHAA,JFK,TPA,135,1005,14,55,2013-07-09T18:00:00Z
2013,7,9,1737,1615,82,2017,1831,106,DL,1619,N970DL,LGA,MSP,150,1020,16,15,2013-07-09T20:00:00Z
2013,7,9,2355,2000,235,200,2230,210,DL,1147,N941DL,LGA,ATL,95,762,20,0,2013-07-10T00:00:00Z
2013,7,10,1052,1055,-3,1358,1358,0,B6,971,N613JB,LGA,FLL,138,1076,10,55,2013-07-10T14:00:00Z
2013,7,10,1903,1510,233,2059,1643,256,UA,253,N537UA,EWR,ORD,135,719,15,10,2013-07-10T19:00:00Z
2013,7,11,709,704,5,1010,1004,6,UA,1103,N37471,EWR,PDX,344,2434,7,4,2013-07-11T11:00:00Z
2013,7,11,1025,933,52,1330,1235,55,B6,271,N535JB,LGA,FLL,154,1076,9,33,2013-07-11T13:00:00Z
2013,7,11,1703,1700,3,1940,2018,-38,DL,1163,N705TW,JFK,LAX,309,2475,17,0,2013-07-11T21:00:00Z
2013,7,11,1746,1625,81,1944,1839,65,9E,3440,N913XJ,JFK,RDU,65,427,16,25,2013-07-11T20:00:00Z
2013,7,11,NA,1700,NA,NA,1923,NA,9E,3448,NA,JFK,CVG,NA,589,17,0,2013-07-11T21:00:00Z
2013,7,12,2005,2007,-2,2214,2259,-45,B6,1505,N652JB,JFK,ABQ,213,1826,20,7,2013-07-13T00:00:00Z
2013,7,13,546,545,1,915,921,-6,B6,939,N613JB,JFK,BQN,188,1576,5,45,2013-07-13T09:00:00Z
2013,7,13,850,815,35,1052,1012,40,EV,4295,N11176,EWR,AVL,92,583,8,15,2013-07-13T12:00:00Z
2013,7,14,1308,1300,8,1538,1516,22,DL,1653,N329NB,EWR,ATL,107,746,13,0,2013-07-14T17:00:00Z
2013,7,14,1400,1338,22,1613,1634,-21,B6,213,N563JB,JFK,LGB,292,2465,13,38,2013-07-14T17:00:00Z
2013,7,15,1826,1835,-9,2020,2010,10,MQ,3674,N511MQ,LGA,CLE,63,419,18,35,2013-07-15T22:00:00Z
2013,7,16,603,600,3,816,815,1,FL,345,N267AT,LGA,ATL,99,762,6,0,2013-07-16T10:00:00Z
2013,7,16,953,1000,-7,1121,1119,2,US,2169,N766US,LGA,DCA,42,214,10,0,2013-07-16T14:00:00Z
2013,7,17,826,830,-4,1009,1039,-30,EV,4419,N14174,EWR,XNA,141,1131,8,30,2013-07-17T12:00:00Z
2013,7,17,836,755,41,957,915,42,MQ,3709,N519MQ,EWR,ORD,99,719,7,55,2013-07-17T11:00:00Z
2013,7,17,941,945,-4,1047,1120,-33,WN,2431,N476WN,LGA,MDW,98,725,9,45,2013-07-17T13:00:00Z
2013,7,17,2243,2100,103,23,2250,93,MQ,3384,N522MQ,LGA,CLT,73,544,21,0,2013-07-18T01:00:00Z
2013,7,18,629,630,-1,853,900,-7,EV,4137,N13958,EWR,ATL,105,746,6,30,2013-07-18T10:00:00Z
2013,7,18,1453,1459,-6,1749,1746,3,B6,581,N353JB,JFK,HOU,193,1428,14,59,2013-07-18T18:00:00Z
2013,7,19,1022,1029,-7,1134,1153,-19,EV,4510,N13955,EWR,MKE,105,725,10,29,2013-07-19T14:00:00Z
2013,7,19,1023,1025,-2,1301,1308,-7,B6,925,N598JB,JFK,TPA,132,1005,10,25,2013-07-19T14:00:00Z
2013,7,19,1622,1610,12,1800,1810,-10,EV,5461,N712EV,LGA,RDU,62,431,16,10,2013-07-19T20:00:00Z
2013,7,19,2254,2140,74,17,2310,67,MQ,3317,N527MQ,LGA,RDU,63,431,21,40,2013-07-20T01:00:00Z
2013,7,21,852,859,-7,1011,1020,-9,EV,4240,N26545,EWR,BUF,50,282,8,59,2013-07-21T12:00:00Z
2013,7,22,656,700,-4,950,1006,-16,DL,2003,N980DL,LGA,MIA,143,1096,7,0,2013-07-22T11:00:00Z
2013,7,22,1525,1445,40,1705,1603,62,EV,6049,N19554,EWR,IAD,68,212,14,45,2013-07-22T18:00:00Z
2013,7,22,2140,1950,110,31,2215,136,EV,5092,N197PQ,EWR,ATL,104,746,19,50,2013-07-22T23:00:00Z
2013,7,23,1309,1135,94,1632,1451,101,DL,954,N913DE,LGA,FLL,163,1076,11,35,2013-07-23T15:00:00Z
2013,7,23,1844,1755,49,2101,2010,51,MQ,3367,N738MQ,LGA,XNA,176,1147,17,55,2013-07-23T21:00:00Z
2013,7,23,1948,1920,28,2239,2238,1,UA,312,N832UA,EWR,PDX,328,2434,19,20,2013-07-23T23:00:00Z
2013,7,23,NA,1930,NA,NA,2105,NA,EV,4191,N14991,EWR,BNA,NA,748,19,30,2013-07-23T23:00:00Z
2013,7,24,657,700,-3,857,900,-3,9E,3879,N8968E,EWR,CVG,96,569,7,0,2013-07-24T11:00:00Z
2013,7,24,1957,2000,-3,2221,2230,-9,DL,1147,N931DL,LGA,ATL,107,762,20,0,2013-07-25T00:00:00Z
2013,7,25,1336,1345,-9,1646,1645,1,AA,117,N336AA,JFK,LAX,332,2475,13,45,2013-07-25T17:00:00Z
2013,7,26,719,725,-6,1012,1010,2,AA,1815,N3AKAA,JFK,MCO,132,944,7,25,2013-07-26T11:00:00Z
2013,7,26,743,745,-2,951,1001,-10,DL,27,N3756,JFK,ATL,107,760,7,45,2013-07-26T11:00:00Z
2013,7,26,1720,1635,45,1856,1816,40,EV,4702,N15574,EWR,GSO,65,445,16,35,2013-07-26T20:00:00Z
2013,7,26,1740,1720,20,2034,2025,9,AA,695,N3CSAA,JFK,AUS,199,1521,17,20,2013-07-26T21:00:00Z
2013,7,27,1025,1029,-4,1324,1320,4,B6,1,N521JB,JFK,FLL,151,1069,10,29,2013-07-27T14:00:00Z
2013,7,27,1033,1025,8,1315,1308,7,B6,925,N593JB,JFK,TPA,138,1005,10,25,2013-07-27T14:00:00Z
2013,7,27,1621,1624,-3,1853,1925,-32,UA,1593,N33292,EWR,MCO,132,937,16,24,2013-07-27T20:00:00Z
2013,7,28,823,829,-6,923,948,-25,9E,4122,N835AY,JFK,MVY,36,173,8,29,2013-07-28T12:00:00Z
2013,7,28,833,840,-7,1113,1134,-21,UA,443,N505UA,JFK,LAX,317,2475,8,40,2013-07-28T12:00:00Z
2013,7,28,1334,1315,19,1621,1558,23,B6,553,N640JB,JFK,PBI,148,1028,13,15,2013-07-28T17:00:00Z
2013,7,29,944,859,45,1207,1137,30,DL,1747,N954DL,LGA,ATL,109,762,8,59,2013-07-29T12:00:00Z
2013,7,30,1416,1100,196,1553,1253,180,EV,5545,N716EV,EWR,DTW,77,488,11,0,2013-07-30T15:00:00Z
2013,7,30,1502,1454,8,1706,1710,-4,EV,4978,N741EV,LGA,CLT,79,544,14,54,2013-07-30T18:00:00Z
2013,7,31,1105,1110,-5,1343,1413,-30,DL,1875,N341NW,LGA,TPA,138,1010,11,10,2013-07-31T15:00:00Z
2013,8,1,2203,1935,148,2354,2135,139,EV,5454,N709EV,EWR,DTW,81,488,19,35,2013-08-01T23:00:00Z
2013,8,1,NA,1920,NA,NA,2210,NA,AA,1691,N426AA,EWR,DFW,NA,1372,19,20,2013-08-01T23:00:00Z
2013,8,2,1354,1354,0,1454,1510,-16,B6,118,N368JB,JFK,BOS,42,187,13,54,2013-08-02T17:00:00Z
2013,8,2,1735,1735,0,2122,2048,34,B6,263,N746JB,JFK,SEA,350,2422,17,35,2013-08-02T21:00:00Z
2013,8,2,2304,2145,79,129,18,71,B6,611,N537JB,JFK,LAS,291,2248,21,45,2013-08-03T01:00:00Z
2013,8,3,721,725,-4,956,1010,-14,AA,1815,N3HBAA,JFK,MCO,128,944,7,25,2013-08-03T11:00:00Z
2013,8,3,1008,1014,-6,1120,1134,-14,EV,4240,N18102,EWR,BUF,49,282,10,14,2013-08-03T14:00:00Z
2013,8,3,1321,1325,-4,1523,1520,3,EV,5299,N371CA,LGA,MEM,136,963,13,25,2013-08-03T17:00:00Z
2013,8,3,1913,1900,13,2150,2207,-17,DL,2159,N389DA,JFK,MCO,123,944,19,0,2013-08-03T23:00:00Z
2013,8,3,2032,2001,31,2311,2254,17,B6,1083,N612JB,JFK,MCO,123,944,20,1,2013-08-04T00:00:00Z
2013,8,3,2046,2051,-5,3,2358,5,B6,165,N598JB,JFK,PDX,354,2454,20,51,2013-08-04T00:00:00Z
2013,8,4,1226,1155,31,1457,1454,3,DL,1174,N372DA,LGA,PBI,129,1035,11,55,2013-08-04T15:00:00Z
2013,8,4,1630,1630,0,1907,1930,-23,AA,881,N3HBAA,JFK,DFW,181,1391,16,30,2013-08-04T20:00:00Z
2013,8,4,1729,1734,-5,2006,1956,10,FL,771,N969AT,LGA,ATL,110,762,17,34,2013-08-04T21:00:00Z
2013,8,4,NA,1825,NA,NA,2046,NA,9E,3807,NA,EWR,CVG,NA,569,18,25,2013-08-04T22:00:00Z
2013,8,5,932,649,163,1034,810,144,UA,475,N425UA,EWR,BOS,37,200,6,49,2013-08-05T10:00:00Z
2013,8,5,1725,1725,0,2017,2045,-28,AA,221,N5FHAA,JFK,MIA,136,1089,17,25,2013-08-05T21:00:00Z
2013,8,5,2054,2051,3,4,2358,6,B6,165,N794JB,JFK,PDX,337,2454,20,51,2013-08-06T00:00:00Z
2013,8,6,806,815,-9,1035,1033,2,DL,914,N365NW,LGA,DEN,230,1620,8,15,2013-08-06T12:00:00Z
2013,8,6,2025,2028,-3,2237,2247,-10,B6,135,N510JB,JFK,PHX,280,2153,20,28,2013-08-07T00:00:00Z
2013,8,7,1703,1706,-3,2106,2111,-5,B6,803,N657JB,JFK,SJU,197,1598,17,6,2013-08-07T21:00:00Z
2013,8,8,653,700,-7,954,1006,-12,DL,2003,N998DL,LGA,MIA,140,1096,7,0,2013-08-08T11:00:00Z
2013,8,8,1110,1117,-7,1331,1335,-4,UA,405,N494UA,LGA,DEN,218,1620,11,17,2013-08-08T15:00:00Z
2013,8,8,1608,1459,69,1838,1654,104,EV,4118,N13989,EWR,DTW,96,488,14,59,2013-08-08T18:00:00Z
2013,8,9,1345,1335,10,1514,1503,11,B6,286,N228JB,JFK,ROC,57,264,13,35,2013-08-09T17:00:00Z
2013,8,9,1452,1455,-3,1637,1635,2,MQ,3231,N687MQ,JFK,PIT,66,340,14,55,2013-08-09T18:00:00Z
2013,8,9,2046,1815,151,2157,1945,132,WN,2603,N217JC,LGA,BNA,111,764,18,15,2013-08-09T22:00:00Z
2013,8,9,2055,1930,85,2339,2239,60,DL,1854,N350NA,LGA,FLL,144,1076,19,30,2013-08-09T23:00:00Z
2013,8,10,649,650,-1,925,931,-6,B6,525,N536JB,JFK,TPA,138,1005,6,50,2013-08-10T10:00:00Z
2013,8,10,1522,1520,2,1638,1710,-32,AA,341,N4YPAA,LGA,ORD,116,733,15,20,2013-08-10T19:00:00Z
2013,8,11,1708,1705,3,1847,1838,9,UA,1150,N16713,EWR,ORD,108,719,17,5,2013-08-11T21:00:00Z
2013,8,12,800,804,-4,947,958,-11,EV,4691,N13965,EWR,DAY,82,533,8,4,2013-08-12T12:00:00Z
2013,8,13,1740,1711,29,2135,2039,56,B6,167,N595JB,JFK,OAK,354,2576,17,11,2013-08-13T21:00:00Z
2013,8,14,1800,1800,0,2057,2039,18,DL,61,N67171,LGA,ATL,125,762,18,0,2013-08-14T22:00:00Z
2013,8,15,657,700,-3,804,815,-11,EV,4522,N11150,EWR,BNA,107,748,7,0,2013-08-15T11:00:00Z
2013,8,16,759,755,4,1103,1115,-12,AA,59,N373AA,JFK,SFO,337,2586,7,55,2013-08-16T11:00:00Z
2013,8,17,633,638,-5,831,850,-19,EV,5677,N13979,EWR,IND,99,645,6,38,2013-08-17T10:00:00Z
2013,8,17,1000,950,10,1213,1220,-7,VX,251,N851VA,JFK,LAS,285,2248,9,50,2013-08-17T13:00:00Z
2013,8,17,1714,1715,-1,1830,1848,-18,FL,354,N926AT,LGA,CAK,63,397,17,15,2013-08-17T21:00:00Z
2013,8,18,812,815,-3,1004,1030,-26,9E,3538,N901XJ,JFK,MSP,140,1029,8,15,2013-08-18T12:00:00Z
2013,8,18,901,855,6,1204,1205,-1,AA,647,N5FGAA,JFK,MIA,152,1089,8,55,2013-08-18T12:00:00Z
2013,8,18,1023,1025,-2,1323,1308,15,B6,925,N796JB,JFK,TPA,147,1005,10,25,2013-08-18T14:00:00Z
2013,8,18,1656,1655,1,1848,1912,-24,UA,485,N426UA,EWR,DEN,212,1605,16,55,2013-08-18T20:00:00Z
2013,8,18,1828,1800,28,2112,2039,33,DL,61,N654DL,LGA,ATL,126,762,18,0,2013-08-18T22:00:00Z
2013,8,20,624,630,-6,730,744,-14,EV,4533,N13979,EWR,BUF,48,282,6,30,2013-08-20T10:00:00Z
2013,8,20,949,950,-1,1047,1120,-33,WN,172,N458WN,LGA,MKE,103,738,9,50,2013-08-20T13:00:00Z
2013,8,21,811,755,16,917,915,2,MQ,3709,N507MQ,EWR,ORD,98,719,7,55,2013-08-21T11:00:00Z
2013,8,21,1741,1720,21,2003,1930,33,EV,4283,N12924,EWR,CHS,96,628,17,20,2013-08-21T21:00:00Z
2013,8,22,755,800,-5,1042,1104,-22,B6,1511,N623JB,EWR,RSW,149,1068,8,0,2013-08-22T12:00:00Z
2013,8,22,1009,940,29,1148,1110,38,WN,102,N432WN,LGA,MDW,105,725,9,40,2013-08-22T13:00:00Z
2013,8,22,1329,1300,29,1426,1416,10,US,2181,N702UW,LGA,DCA,45,214,13,0,2013-08-22T17:00:00Z
2013,8,22,2150,2100,50,2305,2235,30,AA,371,N202AA,LGA,ORD,111,733,21,0,2013-08-23T01:00:00Z
2013,8,23,626,630,-4,758,754,4,EV,4144,N14143,EWR,PIT,54,319,6,30,2013-08-23T10:00:00Z
2013,8,23,938,940,-2,1041,1051,-10,9E,3608,N8976E,JFK,PHL,34,94,9,40,2013-08-23T13:00:00Z
2013,8,23,1112,1115,-3,1337,1400,-23,AA,739,N3AXAA,LGA,DFW,182,1389,11,15,2013-08-23T15:00:00Z
2013,8,23,1619,1620,-1,1900,1853,7,9E,3347,N933XJ,JFK,DTW,96,509,16,20,2013-08-23T20:00:00Z
2013,8,23,2147,2124,23,48,30,18,UA,1680,N38467,EWR,MIA,151,1085,21,24,2013-08-24T01:00:00Z
2013,8,24,1028,1030,-2,1142,1215,-33,EV,5964,N16561,EWR,CLE,61,404,10,30,2013-08-24T14:00:00Z
2013,8,24,1514,1430,44,1812,1735,37,B6,301,N527JB,JFK,FLL,146,1069,14,30,2013-08-24T18:00:00Z
2013,8,25,1303,1239,24,1539,1534,5,B6,41,N640JB,JFK,FLL,135,1069,12,39,2013-08-25T16:00:00Z
2013,8,25,1308,1300,8,1413,1425,-12,UA,1734,N48127,EWR,ORD,107,719,13,0,2013-08-25T17:00:00Z
2013,8,25,1618,1500,78,1908,1758,70,B6,83,N562JB,JFK,MCO,119,944,15,0,2013-08-25T19:00:00Z
2013,8,25,1627,1629,-2,1834,1908,-34,EV,4705,N11119,EWR,ATL,99,746,16,29,2013-08-25T20:00:00Z
2013,8,26,1253,1259,-6,1522,1551,-29,UA,643,N427UA,LGA,IAH,182,1416,12,59,2013-08-26T16:00:00Z
2013,8,26,1749,1711,38,2029,2039,-10,B6,167,N796JB,JFK,OAK,311,2576,17,11,2013-08-26T21:00:00Z
2013,8,26,1819,1823,-4,2024,2015,9,UA,619,N830UA,EWR,ORD,105,719,18,23,2013-08-26T22:00:00Z
2013,8,27,830,835,-5,1126,1140,-14,UA,1442,N16703,EWR,MIA,148,1085,8,35,2013-08-27T12:00:00Z
2013,8,28,1728,1256,272,1845,1420,265,EV,4109,N16183,EWR,BNA,104,748,12,56,2013-08-28T16:00:00Z
2013,8,28,1901,1659,122,2052,1905,107,9E,3932,N8932C,EWR,CVG,83,569,16,59,2013-08-28T20:00:00Z
2013,8,29,1031,1010,21,1154,1135,19,MQ,3670,N539MQ,LGA,BNA,101,764,10,10,2013-08-29T14:00:00Z
2013,8,29,1404,1400,4,1528,1514,14,US,2183,N748UW,LGA,DCA,42,214,14,0,2013-08-29T18:00:00Z
2013,8,29,1831,1810,21,2004,1945,19,WN,1368,N427WN,LGA,BNA,104,764,18,10,2013-08-29T22:00:00Z
2013,8,29,2004,1859,65,2236,2153,43,UA,1128,N24715,LGA,IAH,171,1416,18,59,2013-08-29T22:00:00Z
2013,8,30,628,630,-2,917,952,-35,UA,1668,N35204,EWR,SFO,331,2565,6,30,2013-08-30T10:00:00Z
2013,8,30,1257,1300,-3,1544,1519,25,EV,5148,N134EV,EWR,ATL,107,746,13,0,2013-08-30T17:00:00Z
2013,8,30,1446,1445,1,1658,1738,-40,UA,423,N520UA,EWR,MCO,117,937,14,45,2013-08-30T18:00:00Z
2013,8,31,1117,1125,-8,1217,1231,-14,B6,2380,N355JB,EWR,BOS,48,200,11,25,2013-08-31T15:00:00Z
2013,9,2,718,720,-2,852,855,-3,WN,663,N662SW,EWR,STL,127,872,7,20,2013-09-02T11:00:00Z
2013,9,2,2146,1730,256,2355,1941,254,DL,2331,N907DE,LGA,DTW,93,502,17,30,2013-09-02T21:00:00Z
2013,9,3,1433,1438,-5,1528,1550,-22,EV,4372,N19554,EWR,DCA,39,199,14,38,2013-09-03T18:00:00Z
2013,9,3,1604,1600,4,1833,1835,-2,DL,221,N972DL,LGA,ATL,107,762,16,0,2013-09-03T20:00:00Z
2013,9,3,1843,1855,-12,2023,2035,-12,AA,359,N434AA,LGA,ORD,110,733,18,55,2013-09-03T22:00:00Z
2013,9,3,2247,2255,-8,2,19,-17,B6,2002,N198JB,JFK,BUF,55,301,22,55,2013-09-04T02:00:00Z
2013,9,4,654,700,-6,753,809,-16,US,2169,N723UW,LGA,DCA,36,214,7,0,2013-09-04T11:00:00Z
2013,9,4,809,810,-1,1015,1030,-15,DL,1743,N3763D,JFK,ATL,95,760,8,10,2013-09-04T12:00:00Z
2013,9,5,605,608,-3,731,737,-6,UA,1622,N79402,EWR,ORD,117,719,6,8,2013-09-05T10:00:00Z
2013,9,5,653,700,-7,911,1003,-52,B6,23,N656JB,JFK,LAX,297,2475,7,0,2013-09-05T11:00:00Z
2013,9,5,1141,1147,-6,1432,1505,-33,UA,1256,N75429,EWR,SFO,328,2565,11,47,2013-09-05T15:00:00Z
2013,9,5,1939,1950,-11,2119,2140,-21,MQ,3573,N849MQ,LGA,CMH,72,479,19,50,2013-09-05T23:00:00Z
2013,9,5,2013,1930,43,2245,2244,1,UA,1037,N26210,EWR,LAX,301,2454,19,30,2013-09-05T23:00:00Z
2013,9,6,1658,1705,-7,1803,1828,-25,B6,408,N231JB,JFK,PWM,51,273,17,5,2013-09-06T21:00:00Z
2013,9,6,1859,1905,-6,2055,2134,-39,9E,3285,N929XJ,JFK,MSY,138,1182,19,5,2013-09-06T23:00:00Z
2013,9,7,1031,1030,1,1255,1314,-19,B6,483,N603JB,JFK,MCO,125,944,10,30,2013-09-07T14:00:00Z
2013,9,7,1802,1803,-1,1908,1927,-19,EV,5563,N611QX,LGA,BTV,44,258,18,3,2013-09-07T22:00:00Z
2013,9,7,1841,1825,16,1938,2000,-22,WN,3331,N260WN,EWR,MDW,100,711,18,25,2013-09-07T22:00:00Z
2013,9,8,832,840,-8,953,1020,-27,MQ,3531,N804MQ,LGA,RDU,64,431,8,40,2013-09-08T12:00:00Z
2013,9,9,650,645,5,917,937,-20,B6,453,N703JB,JFK,PBI,129,1028,6,45,2013-09-09T10:00:00Z
2013,9,9,1153,1200,-7,1415,1455,-40,AA,3,N324AA,JFK,LAX,307,2475,12,0,2013-09-09T16:00:00Z
2013,9,9,1246,1247,-1,1531,1605,-34,UA,1294,N18243,EWR,SFO,326,2565,12,47,2013-09-09T16:00:00Z
2013,9,9,1527,1530,-3,1626,1645,-19,WN,1350,N461WN,EWR,MDW,96,711,15,30,2013-09-09T19:00:00Z
2013,9,9,1937,1930,7,2216,2244,-28,UA,1224,N24224,EWR,LAX,311,2454,19,30,2013-09-09T23:00:00Z
2013,9,10,1258,1300,-2,1521,1550,-29,AA,1145,N3FBAA,LGA,DFW,176,1389,13,0,2013-09-10T17:00:00Z
2013,9,10,1552,1600,-8,1721,1744,-23,9E,3357,N901XJ,LGA,BNA,106,764,16,0,2013-09-10T20:00:00Z
2013,9,10,2206,1945,141,2328,2146,102,EV,5306,N713EV,LGA,GSO,63,461,19,45,2013-09-10T23:00:00Z
2013,9,11,1055,1100,-5,1151,1215,-24,US,2144,N957UW,LGA,BOS,40,184,11,0,2013-09-11T15:00:00Z
2013,9,11,2113,2030,43,2305,2251,14,EV,5209,N611QX,LGA,CHS,86,641,20,30,2013-09-12T00:00:00Z
2013,9,13,644,635,9,828,833,-5,US,2023,N194UW,EWR,CLT,85,529,6,35,2013-09-13T10:00:00Z
2013,9,13,1856,1900,-4,2053,2131,-38,DL,2454,N374DA,JFK,DEN,204,1626,19,0,2013-09-13T23:00:00Z
2013,9,14,648,655,-7,1032,1045,-13,DL,315,N6710E,JFK,SJU,199,1598,6,55,2013-09-14T10:00:00Z
2013,9,14,708,715,-7,950,1010,-20,VX,399,N640VA,JFK,LAX,315,2475,7,15,2013-09-14T11:00:00Z
2013,9,14,833,840,-7,949,1005,-16,EV,5813,N13913,EWR,RIC,50,277,8,40,2013-09-14T12:00:00Z
2013,9,14,1042,1025,17,1305,1325,-20,AA,1131,N592AA,LGA,DFW,175,1389,10,25,2013-09-14T14:00:00Z
2013,9,14,1452,1500,-8,1627,1657,-30,US,802,N195UW,EWR,CLT,73,529,15,0,2013-09-14T19:00:00Z
2013,9,14,1455,1500,-5,1727,1801,-34,DL,2181,N996DL,LGA,MCO,123,950,15,0,2013-09-14T19:00:00Z
2013,9,15,720,700,20,1041,1010,31,DL,763,N196DN,JFK,LAX,325,2475,7,0,2013-09-15T11:00:00Z
2013,9,15,822,830,-8,938,957,-19,EV,4422,N16546,EWR,PIT,52,319,8,30,2013-09-15T12:00:00Z
2013,9,15,830,830,0,922,928,-6,EV,5811,N13908,EWR,PVD,32,160,8,30,2013-09-15T12:00:00Z
2013,9,15,2100,2100,0,2239,2235,4,MQ,3317,N0EGMQ,LGA,RDU,68,431,21,0,2013-09-16T01:00:00Z
2013,9,16,1158,1159,-1,1310,1309,1,MQ,3386,N823MQ,JFK,DCA,51,213,11,59,2013-09-16T15:00:00Z
2013,9,16,1342,1344,-2,1501,1515,-14,UA,643,N819UA,EWR,ORD,115,719,13,44,2013-09-16T17:00:00Z
2013,9,16,1422,1428,-6,1537,1548,-11,EV,5712,N833AS,JFK,IAD,50,228,14,28,2013-09-16T18:00:00Z
2013,9,17,657,700,-3,924,949,-25,B6,683,N793JB,JFK,MCO,126,944,7,0,2013-09-17T11:00:00Z
2013,9,17,1223,1226,-3,1356,1408,-12,EV,5906,N12136,EWR,CMH,72,463,12,26,2013-09-17T16:00:00Z
2013,9,18,1338,1345,-7,1528,1544,-16,US,1802,N733UW,JFK,CLT,80,541,13,45,2013-09-18T17:00:00Z
2013,9,18,1925,1935,-10,2158,2232,-34,DL,1485,N902DE,LGA,MCO,129,950,19,35,2013-09-18T23:00:00Z
2013,9,18,2239,2245,-6,2340,2356,-16,B6,108,N337JB,JFK,PWM,48,273,22,45,2013-09-19T02:00:00Z
2013,9,19,839,840,-1,1010,1007,3,EV,3817,N13538,EWR,PIT,52,319,8,40,2013-09-19T12:00:00Z
2013,9,19,1909,1900,9,2056,2114,-18,9E,3876,N8923A,LGA,GSP,83,610,19,0,2013-09-19T23:00:00Z
2013,9,19,1928,1700,148,2122,1839,163,UA,689,N849UA,LGA,ORD,107,733,17,0,2013-09-19T21:00:00Z
2013,9,19,1930,1855,35,2104,2059,5,US,2039,N190UW,LGA,CLT,75,544,18,55,2013-09-19T22:00:00Z
2013,9,20,1445,1440,5,1619,1642,-23,DL,1819,N953DL,LGA,MSP,138,1020,14,40,2013-09-20T18:00:00Z
2013,9,20,1556,1600,-4,1821,1847,-26,B6,543,N729JB,EWR,PBI,126,1023,16,0,2013-09-20T20:00:00Z
2013,9,21,1153,1200,-7,1307,1310,-3,DL,1597,N348NB,JFK,BOS,39,187,12,0,2013-09-21T16:00:00Z
2013,9,21,NA,1227,NA,NA,1339,NA,UA,330,NA,EWR,BOS,NA,200,12,27,2013-09-21T16:00:00Z
2013,9,22,1350,1352,-2,1449,1453,-4,EV,4629,N16951,EWR,MHT,31,209,13,52,2013-09-22T17:00:00Z
2013,9,23,1411,1415,-4,1614,1631,-17,DL,673,N318US,EWR,ATL,101,746,14,15,2013-09-23T18:00:00Z
2013,9,23,1730,1735,-5,2003,2029,-26,UA,1109,N17133,EWR,MCO,129,937,17,35,2013-09-23T21:00:00Z
2013,9,24,930,940,-10,1045,1120,-35,AA,317,N4YEAA,LGA,ORD,100,733,9,40,2013-09-24T13:00:00Z
2013,9,24,1551,1600,-9,1709,1720,-11,US,2187,N760US,LGA,DCA,39,214,16,0,2013-09-24T20:00:00Z
2013,9,24,2008,2013,-5,2215,2242,-27,EV,4333,N16170,EWR,TUL,167,1215,20,13,2013-09-25T00:00:00Z
2013,9,25,709,710,-1,1002,1000,2,AA,2493,N631AA,JFK,MCO,135,944,7,10,2013-09-25T11:00:00Z
2013,9,25,904,905,-1,1114,1117,-3,DL,181,N361NW,LGA,DTW,75,502,9,5,2013-09-25T13:00:00Z
2013,9,25,1821,1829,-8,2015,2031,-16,US,2094,N177US,EWR,CLT,79,529,18,29,2013-09-25T22:00:00Z
2013,9,26,920,825,55,1126,1029,57,US,1831,N564UW,JFK,CLT,78,541,8,25,2013-09-26T12:00:00Z
2013,9,26,1125,1128,-3,1219,1230,-11,B6,2380,N274JB,EWR,BOS,37,200,11,28,2013-09-26T15:00:00Z
2013,9,26,1345,1350,-5,1519,1531,-12,EV,5465,N751EV,LGA,MSN,106,812,13,50,2013-09-26T17:00:00Z
2013,9,26,1857,1900,-3,2053,2040,13,MQ,3591,N806MQ,LGA,RDU,67,431,19,0,2013-09-26T23:00:00Z
2013,9,27,620,620,0,800,810,-10,MQ,3351,N527MQ,LGA,DTW,75,502,6,20,2013-09-27T10:00:00Z
2013,9,27,917,920,-3,1205,1220,-15,VX,407,N630VA,JFK,LAX,324,2475,9,20,2013-09-27T13:00:00Z
2013,9,27,1723,1725,-2,2003,2019,-16,UA,1109,N19136,EWR,MCO,118,937,17,25,2013-09-27T21:00:00Z
2013,9,28,743,750,-7,1038,1049,-11,B6,901,N793JB,JFK,FLL,131,1069,7,50,2013-09-28T11:00:00Z
2013,9,28,809,817,-8,1127,1127,0,B6,929,N589JB,JFK,RSW,136,1074,8,17,2013-09-28T12:00:00Z
2013,9,29,1624,1625,-1,1821,1844,-23,EV,5601,N611QX,LGA,CLT,77,544,16,25,2013-09-29T20:00:00Z
2013,9,29,1757,1759,-2,2025,2052,-27,UA,535,N598UA,JFK,LAX,290,2475,17,59,2013-09-29T21:00:00Z
2013,10,1,1513,1500,13,1744,1751,-7,UA,1554,N37419,EWR,TPA,128,997,15,0,2013-10-01T19:00:00Z
2013,10,1,1633,1629,4,1902,1933,-31,B6,1161,N634JB,LGA,PBI,129,1035,16,29,2013-10-01T20:00:00Z
2013,10,1,1852,1859,-7,2117,2159,-42,UA,1259,N24706,LGA,IAH,183,1416,18,59,2013-10-01T22:00:00Z
2013,10,2,540,545,-5,807,827,-20,UA,1714,N24715,LGA,IAH,181,1416,5,45,2013-10-02T09:00:00Z
2013,10,2,1641,1649,-8,1849,1903,-14,EV,4294,N12540,EWR,SAV,103,708,16,49,2013-10-02T20:00:00Z
2013,10,2,2043,2100,-17,2335,2344,-9,B6,499,N593JB,LGA,MCO,126,950,21,0,2013-10-03T01:00:00Z
2013,10,3,1719,1720,-1,2006,2030,-24,AA,291,N3KLAA,JFK,AUS,204,1521,17,20,2013-10-03T21:00:00Z
2013,10,4,725,645,40,842,821,21,9E,3496,N922XJ,LGA,PIT,54,335,6,45,2013-10-04T10:00:00Z
2013,10,4,1155,1115,40,1332,1300,32,EV,5273,N750EV,LGA,PIT,54,335,11,15,2013-10-04T15:00:00Z
2013,10,4,1528,1446,42,1734,1717,17,EV,4140,N17169,EWR,ATL,104,746,14,46,2013-10-04T18:00:00Z
2013,10,5,1436,1420,16,1654,1705,-11,UA,1232,N77431,EWR,IAH,178,1400,14,20,2013-10-05T18:00:00Z
2013,10,5,1813,1815,-2,2100,2132,-32,DL,426,N707TW,JFK,LAX,329,2475,18,15,2013-10-05T22:00:00Z
2013,10,6,556,600,-4,814,815,-1,FL,345,N267AT,LGA,ATL,108,762,6,0,2013-10-06T10:00:00Z
2013,10,6,1535,1525,10,1819,1840,-21,AA,133,N320AA,JFK,LAX,313,2475,15,25,2013-10-06T19:00:00Z
2013,10,6,1723,1555,88,1939,1805,94,MQ,3075,N679MQ,JFK,CVG,110,589,15,55,2013-10-06T19:00:00Z
2013,10,8,953,959,-6,1206,1207,-1,US,2054,N716UW,LGA,CLT,90,544,9,59,2013-10-08T13:00:00Z
2013,10,8,1355,1355,0,1658,1717,-19,UA,1663,N24224,EWR,SFO,337,2565,13,55,2013-10-08T17:00:00Z
2013,10,8,1736,1720,16,2037,2010,27,UA,598,N482UA,EWR,IAH,203,1400,17,20,2013-10-08T21:00:00Z
2013,10,9,1256,1300,-4,1546,1605,-19,VX,165,N622VA,EWR,LAX,328,2454,13,0,2013-10-09T17:00:00Z
2013,10,9,1738,1720,18,2004,2010,-6,UA,404,N482UA,EWR,IAH,179,1400,17,20,2013-10-09T21:00:00Z
2013,10,9,1755,1755,0,2001,2036,-35,DL,1629,N3736C,JFK,LAS,285,2248,17,55,2013-10-09T21:00:00Z
2013,10,9,2220,2229,-9,2321,2336,-15,B6,1816,N346JB,JFK,SYR,37,209,22,29,2013-10-10T02:00:00Z
2013,10,10,1553,1445,68,1711,1628,43,EV,4596,N21537,EWR,STL,123,872,14,45,2013-10-10T18:00:00Z
2013,10,10,1843,1845,-2,2135,2210,-35,AA,177,N339AA,JFK,SFO,332,2586,18,45,2013-10-10T22:00:00Z
2013,10,10,2031,1845,106,2145,2029,76,EV,5274,N759EV,LGA,BNA,100,764,18,45,2013-10-10T22:00:00Z
2013,10,10,2222,2056,86,22,2316,66,EV,4397,N12175,EWR,MSY,157,1167,20,56,2013-10-11T00:00:00Z
2013,10,11,11,2229,102,109,2336,93,B6,1816,N283JB,JFK,SYR,39,209,22,29,2013-10-12T02:00:00Z
2013,10,11,1828,1800,28,1959,1915,44,US,2191,N750UW,LGA,DCA,59,214,18,0,2013-10-11T22:00:00Z
2013,10,12,658,700,-2,904,940,-36,DL,1547,N910DL,LGA,ATL,100,762,7,0,2013-10-12T11:00:00Z
2013,10,13,804,755,9,907,910,-3,MQ,3370,N806MQ,JFK,DCA,42,213,7,55,2013-10-13T11:00:00Z
2013,10,13,820,825,-5,958,1023,-25,US,409,N663AW,EWR,CLT,77,529,8,25,2013-10-13T12:00:00Z
2013,10,13,1958,2005,-7,2121,2130,-9,MQ,3604,N543MQ,EWR,ORD,102,719,20,5,2013-10-14T00:00:00Z
2013,10,14,1211,1221,-10,1316,1328,-12,B6,34,N239JB,JFK,BTV,47,266,12,21,2013-10-14T16:00:00Z
2013,10,14,1223,1229,-6,1423,1425,-2,EV,3848,N11547,EWR,CLT,90,529,12,29,2013-10-14T16:00:00Z
2013,10,14,1252,1300,-8,1550,1550,0,AA,1145,N3BRAA,LGA,DFW,198,1389,13,0,2013-10-14T17:00:00Z
2013,10,15,932,930,2,1214,1235,-21,UA,456,N441UA,EWR,FLL,140,1065,9,30,2013-10-15T13:00:00Z
2013,10,15,1314,1210,64,1538,1425,73,WN,482,N241WN,EWR,DEN,244,1605,12,10,2013-10-15T16:00:00Z
2013,10,16,803,810,-7,1045,1111,-26,DL,1167,N310DE,JFK,TPA,134,1005,8,10,2013-10-16T12:00:00Z
2013,10,16,1423,1345,38,1557,1544,13,US,1802,N715UW,JFK,CLT,75,541,13,45,2013-10-16T17:00:00Z
2013,10,16,1656,1659,-3,1957,1953,4,UA,996,N526UA,EWR,LAX,326,2454,16,59,2013-10-16T20:00:00Z
2013,10,17,1300,1159,61,1413,1309,64,MQ,3386,N807MQ,JFK,DCA,45,213,11,59,2013-10-17T15:00:00Z
2013,10,17,1449,1450,-1,1730,1755,-25,UA,395,N410UA,EWR,FLL,145,1065,14,50,2013-10-17T18:00:00Z
2013,10,18,1425,1425,0,1651,1650,1,MQ,3669,N513MQ,LGA,ATL,120,762,14,25,2013-10-18T18:00:00Z
2013,10,18,2129,1459,390,2351,1737,374,DL,2347,N925DL,LGA,ATL,119,762,14,59,2013-10-18T18:00:00Z
2013,10,19,1120,1129,-9,1405,1400,5,B6,1211,N779JB,JFK,LAS,310,2248,11,29,2013-10-19T15:00:00Z
2013,10,20,635,640,-5,908,910,-2,US,495,N509AY,JFK,PHX,301,2153,6,40,2013-10-20T10:00:00Z
2013,10,20,637,640,-3,923,905,18,DL,27,N382DA,JFK,ATL,118,760,6,40,2013-10-20T10:00:00Z
2013,10,20,1957,2005,-8,2115,2130,-15,MQ,3604,N508MQ,EWR,ORD,113,719,20,5,2013-10-21T00:00:00Z
2013,10,21,948,959,-11,1203,1207,-4,US,2054,N764US,LGA,CLT,94,544,9,59,2013-10-21T13:00:00Z
2013,10,21,1543,1520,23,1858,1840,18,DL,1982,N334NB,LGA,MIA,160,1096,15,20,2013-10-21T19:00:00Z
2013,10,21,1826,1830,-4,2151,2140,11,B6,305,N519JB,EWR,FLL,156,1065,18,30,2013-10-21T22:00:00Z
2013,10,21,2040,2040,0,2252,2258,-6,9E,4033,N601XJ,LGA,TYS,104,647,20,40,2013-10-22T00:00:00Z
2013,10,22,1444,1446,-2,1728,1717,11,EV,4141,N16571,EWR,ATL,139,746,14,46,2013-10-22T18:00:00Z
2013,10,23,657,615,42,903,821,42,EV,4471,N14158,EWR,CLT,99,529,6,15,2013-10-23T10:00:00Z
2013,10,23,754,756,-2,1011,951,20,US,1733,N406US,LGA,CLT,100,544,7,56,2013-10-23T11:00:00Z
2013,10,23,1651,1700,-9,2009,2008,1,DL,706,N388DA,JFK,AUS,232,1521,17,0,2013-10-23T21:00:00Z
2013,10,23,1843,1850,-7,2151,2200,-9,AA,119,N3GWAA,EWR,LAX,324,2454,18,50,2013-10-23T22:00:00Z
2013,10,23,2007,2019,-12,2244,2240,4,EV,4333,N11191,EWR,TUL,191,1215,20,19,2013-10-24T00:00:00Z
2013,10,24,847,850,-3,956,1006,-10,DL,2445,N349NB,JFK,BOS,37,187,8,50,2013-10-24T12:00:00Z
2013,10,24,1247,1250,-3,1352,1410,-18,WN,3211,N416WN,LGA,MKE,106,738,12,50,2013-10-24T16:00:00Z
2013,10,24,1706,1712,-6,1946,2002,-16,UA,246,N817UA,EWR,DFW,199,1372,17,12,2013-10-24T21:00:00Z
2013,10,25,607,615,-8,755,813,-18,US,883,N173US,EWR,CLT,89,529,6,15,2013-10-25T10:00:00Z
2013,10,25,1509,1510,-1,1749,1812,-23,UA,1483,N76254,EWR,AUS,203,1504,15,10,2013-10-25T19:00:00Z
2013,10,25,1718,1630,48,2043,2010,33,VX,27,N845VA,JFK,SFO,335,2586,16,30,2013-10-25T20:00:00Z
2013,10,26,1452,1500,-8,1807,1815,-8,AA,2297,N3EYAA,LGA,MIA,156,1096,15,0,2013-10-26T19:00:00Z
2013,10,26,1721,1736,-15,1937,2004,-27,9E,3310,N930XJ,JFK,MCI,167,1113,17,36,2013-10-26T21:00:00Z
2013,10,27,1006,1010,-4,1121,1135,-14,MQ,3675,N3AEMQ,LGA,BNA,106,764,10,10,2013-10-27T14:00:00Z
2013,10,27,2019,2016,3,2149,2154,-5,EV,4106,N36915,EWR,GSO,68,445,20,16,2013-10-28T00:00:00Z
2013,10,27,2049,2100,-11,2322,2345,-23,B6,499,N648JB,LGA,MCO,133,950,21,0,2013-10-28T01:00:00Z
2013,10,28,805,805,0,1123,1139,-16,9E,3489,N919XJ,LGA,RSW,163,1080,8,5,2013-10-28T12:00:00Z
2013,10,28,1555,1600,-5,1727,1739,-12,UA,269,N855UA,LGA,ORD,125,733,16,0,2013-10-28T20:00:00Z
2013,10,28,1811,1803,8,1943,1944,-1,UA,203,N829UA,EWR,ORD,124,719,18,3,2013-10-28T22:00:00Z
2013,10,28,2034,1730,184,2248,1953,175,EV,5298,N615QX,LGA,OMA,164,1148,17,30,2013-10-28T21:00:00Z
2013,10,29,619,625,-6,716,735,-19,B6,2180,N374JB,EWR,BOS,39,200,6,25,2013-10-29T10:00:00Z
2013,10,29,1118,1130,-12,1335,1338,-3,EV,4445,N13903,EWR,IND,110,645,11,30,2013-10-29T15:00:00Z
2013,10,29,1647,1655,-8,1832,1840,-8,MQ,3411,N725MQ,LGA,RDU,71,431,16,55,2013-10-29T20:00:00Z
2013,10,29,2352,2359,-7,326,340,-14,B6,1503,N644JB,JFK,SJU,191,1598,23,59,2013-10-30T03:00:00Z
2013,10,30,804,759,5,943,948,-5,9E,3611,N8488D,JFK,PIT,65,340,7,59,2013-10-30T11:00:00Z
2013,10,30,1338,1345,-7,1645,1650,-5,AA,117,N339AA,JFK,LAX,340,2475,13,45,2013-10-30T17:00:00Z
2013,10,30,1442,1435,7,1709,1732,-23,DL,1902,N359NB,LGA,PBI,130,1035,14,35,2013-10-30T18:00:00Z
2013,10,30,1453,1505,-12,1701,1655,6,MQ,3391,N848MQ,LGA,CMH,77,479,15,5,2013-10-30T19:00:00Z
2013,10,31,1139,1145,-6,1343,1404,-21,DL,1358,N355NB,EWR,ATL,106,746,11,45,2013-10-31T15:00:00Z
2013,10,31,1500,1500,0,1646,1656,-10,US,721,N567UW,EWR,CLT,80,529,15,0,2013-10-31T19:00:00Z
2013,10,31,1922,1925,-3,2209,2151,18,9E,3304,N925XJ,JFK,MSY,178,1182,19,25,2013-10-31T23:00:00Z
2013,10,31,2051,2100,-9,2204,2214,-10,US,2197,N768US,LGA,DCA,46,214,21,0,2013-11-01T01:00:00Z
2013,11,1,1249,1205,44,1526,1454,32,9E,3508,N920XJ,LGA,JAX,131,833,12,5,2013-11-01T16:00:00Z
2013,11,1,1923,1925,-2,2231,2227,4,DL,1435,N319NB,LGA,TPA,157,1010,19,25,2013-11-01T23:00:00Z
2013,11,1,1923,1930,-7,2120,2125,-5,MQ,3349,N542MQ,LGA,MSP,147,1020,19,30,2013-11-01T23:00:00Z
2013,11,3,1156,1200,-4,1506,1515,-9,UA,766,N588UA,JFK,SFO,346,2586,12,0,2013-11-03T17:00:00Z
2013,11,3,1449,1450,-1,1735,1755,-20,UA,799,N468UA,EWR,FLL,145,1065,14,50,2013-11-03T19:00:00Z
2013,11,3,1543,1546,-3,1747,1818,-31,DL,1705,N337NB,LGA,MSY,163,1183,15,46,2013-11-03T20:00:00Z
2013,11,4,609,610,-1,904,855,9,AA,1103,N3KBAA,LGA,DFW,206,1389,6,10,2013-11-04T11:00:00Z
2013,11,4,738,725,13,1000,945,15,MQ,3547,N803MQ,LGA,XNA,176,1147,7,25,2013-11-04T12:00:00Z
2013,11,5,754,759,-5,929,934,-5,AA,307,N4WAAA,LGA,ORD,123,733,7,59,2013-11-05T12:00:00Z
2013,11,5,1552,1555,-3,1806,1805,1,MQ,3075,N908MQ,JFK,CVG,101,589,15,55,2013-11-05T20:00:00Z
2013,11,5,1552,1600,-8,1732,1755,-23,MQ,2793,N694MQ,JFK,CMH,81,483,16,0,2013-11-05T21:00:00Z
2013,11,5,1859,1850,9,2251,2225,26,VX,29,N626VA,JFK,SFO,365,2586,18,50,2013-11-05T23:00:00Z
2013,11,6,830,829,1,1014,1028,-14,B6,219,N266JB,JFK,CLT,85,541,8,29,2013-11-06T13:00:00Z
2013,11,6,919,925,-6,1254,1305,-11,WN,2166,N269WN,EWR,AUS,233,1504,9,25,2013-11-06T14:00:00Z
2013,11,7,657,700,-3,1019,1015,4,VX,399,N635VA,JFK,LAX,345,2475,7,0,2013-11-07T12:00:00Z
2013,11,7,1252,1250,2,1357,1415,-18,WN,144,N551WN,LGA,MKE,114,738,12,50,2013-11-07T17:00:00Z
2013,11,7,1756,1700,56,1945,1842,63,UA,689,N839UA,LGA,ORD,117,733,17,0,2013-11-07T22:00:00Z
2013,11,8,554,600,-6,1032,1043,-11,B6,1403,N562JB,JFK,SJU,194,1598,6,0,2013-11-08T11:00:00Z
2013,11,8,1616,1550,26,1807,1745,22,9E,2927,N840AY,JFK,ORD,130,740,15,50,2013-11-08T20:00:00Z
2013,11,8,1953,1956,-3,2225,2234,-9,DL,2454,N387DA,JFK,DEN,240,1626,19,56,2013-11-09T00:00:00Z
2013,11,9,1659,1700,-1,1946,1945,1,AA,45,N5EGAA,JFK,LAS,323,2248,17,0,2013-11-09T22:00:00Z
2013,11,10,1321,1325,-4,1610,1626,-16,UA,1164,N76265,EWR,FLL,151,1065,13,25,2013-11-10T18:00:00Z
2013,11,10,1610,1605,5,1823,1827,-4,EV,4122,N13903,EWR,SDF,110,642,16,5,2013-11-10T21:00:00Z
2013,11,10,1626,1630,-4,1946,1940,6,AA,181,N338AA,JFK,LAX,338,2475,16,30,2013-11-10T21:00:00Z
2013,11,11,556,600,-4,812,827,-15,DL,1377,N384DA,LGA,ATL,113,762,6,0,2013-11-11T11:00:00Z
2013,11,11,749,754,-5,859,911,-12,B6,1307,N281JB,JFK,IAD,51,228,7,54,2013-11-11T12:00:00Z
2013,11,11,1020,1023,-3,1200,1218,-18,US,1745,N172US,EWR,CLT,84,529,10,23,2013-11-11T15:00:00Z
2013,11,11,1454,1455,-1,1558,1609,-11,DL,1164,N319US,JFK,BOS,41,187,14,55,2013-11-11T19:00:00Z
2013,11,12,1936,1935,1,2122,2132,-10,EV,5287,N740EV,LGA,MSN,114,812,19,35,2013-11-13T00:00:00Z
2013,11,13,951,1000,-9,1108,1113,-5,US,2142,N945UW,LGA,BOS,38,184,10,0,2013-11-13T15:00:00Z
2013,11,13,1023,1025,-2,1324,1400,-36,UA,642,N589UA,JFK,SFO,327,2586,10,25,2013-11-13T15:00:00Z
2013,11,13,1359,1359,0,1629,1654,-25,AA,1151,N3AAAA,LGA,DFW,175,1389,13,59,2013-11-13T18:00:00Z
2013,11,13,1553,1600,-7,1901,1905,-4,AA,1156,N3FFAA,LGA,DFW,187,1389,16,0,2013-11-13T21:00:00Z
2013,11,13,2355,2359,-4,439,437,2,B6,839,N768JB,JFK,BQN,193,1576,23,59,2013-11-14T04:00:00Z
2013,11,14,650,655,-5,908,920,-12,AA,1263,N5EFAA,JFK,LAS,297,2248,6,55,2013-11-14T11:00:00Z
2013,11,15,847,845,2,1151,1211,-20,UA,1581,N38454,EWR,SEA,337,2402,8,45,2013-11-15T13:00:00Z
2013,11,15,1008,1010,-2,1116,1146,-30,UA,1622,N37408,EWR,ORD,111,719,10,10,2013-11-15T15:00:00Z
2013,11,16,1556,1550,6,1743,1742,1,9E,2927,N913XJ,JFK,ORD,129,740,15,50,2013-11-16T20:00:00Z
2013,11,16,1824,1830,-6,2124,2137,-13,UA,390,N529UA,EWR,RSW,157,1068,18,30,2013-11-16T23:00:00Z
2013,11,17,735,735,0,943,949,-6,9E,2916,N913XJ,JFK,DTW,94,509,7,35,2013-11-17T12:00:00Z
2013,11,17,2154,1929,145,2356,2140,136,EV,4543,N11113,EWR,DSM,159,1017,19,29,2013-11-18T00:00:00Z
2013,11,18,551,600,-9,831,856,-25,B6,371,N565JB,LGA,FLL,142,1076,6,0,2013-11-18T11:00:00Z
2013,11,18,733,730,3,1023,1035,-12,WN,20,N270WN,LGA,HOU,214,1428,7,30,2013-11-18T12:00:00Z
2013,11,18,1155,1200,-5,1424,1459,-35,DL,1685,N932DL,LGA,MCO,136,950,12,0,2013-11-18T17:00:00Z
2013,11,18,1315,1315,0,1443,1445,-2,WN,2868,N704SW,EWR,BNA,125,748,13,15,2013-11-18T18:00:00Z
2013,11,18,1417,1420,-3,1634,1644,-10,UA,391,N579UA,EWR,DEN,238,1605,14,20,2013-11-18T19:00:00Z
2013,11,18,1435,1429,6,1752,1737,15,B6,301,N537JB,JFK,FLL,152,1069,14,29,2013-11-18T19:00:00Z
2013,11,18,1526,1500,26,1650,1641,9,UA,1198,N76504,LGA,ORD,120,733,15,0,2013-11-18T20:00:00Z
2013,11,18,1558,1547,11,1832,1824,8,9E,3488,N912XJ,LGA,MCI,172,1107,15,47,2013-11-18T20:00:00Z
2013,11,18,1756,1800,-4,2043,2101,-18,UA,360,N815UA,EWR,PBI,145,1023,18,0,2013-11-18T23:00:00Z
2013,11,19,1556,1600,-4,1928,1947,-19,DL,409,N709TW,JFK,SFO,356,2586,16,0,2013-11-19T21:00:00Z
2013,11,20,2350,2359,-9,451,445,6,B6,745,N589JB,JFK,PSE,207,1617,23,59,2013-11-21T04:00:00Z
2013,11,21,855,900,-5,1031,1034,-3,UA,1030,N75861,EWR,ORD,115,719,9,0,2013-11-21T14:00:00Z
2013,11,21,901,857,4,1225,1210,15,UA,997,N538UA,EWR,LAX,343,2454,8,57,2013-11-21T13:00:00Z
2013,11,21,1059,1100,-1,1159,1210,-11,MQ,3230,N517MQ,JFK,DCA,44,213,11,0,2013-11-21T16:00:00Z
2013,11,21,1338,1329,9,1620,1627,-7,UA,431,N840UA,EWR,DFW,199,1372,13,29,2013-11-21T18:00:00Z
2013,11,21,1618,1625,-7,1746,1822,-36,9E,2933,N901XJ,JFK,RDU,68,427,16,25,2013-11-21T21:00:00Z
2013,11,21,1636,1642,-6,1909,1915,-6,EV,4705,N29917,EWR,ATL,122,746,16,42,2013-11-21T21:00:00Z
2013,11,21,1921,1900,21,2225,2212,13,UA,324,N491UA,EWR,SEA,332,2402,19,0,2013-11-22T00:00:00Z
2013,11,22,1155,1200,-5,1502,1510,-8,AA,3,N329AA,JFK,LAX,345,2475,12,0,2013-11-22T17:00:00Z
2013,11,22,1352,1400,-8,1501,1507,-6,US,2150,N944UW,LGA,BOS,40,184,14,0,2013-11-22T19:00:00Z
2013,11,22,1929,1929,0,2304,2255,9,UA,1526,N75429,EWR,LAX,355,2454,19,29,2013-11-23T00:00:00Z
2013,11,22,2119,2029,50,2258,2216,42,EV,5956,N16999,LGA,CLE,79,419,20,29,2013-11-23T01:00:00Z
2013,11,23,943,953,-10,1240,1256,-16,B6,5,N715JB,EWR,FLL,154,1065,9,53,2013-11-23T14:00:00Z
2013,11,24,806,745,21,1123,1058,25,DL,183,N705TW,JFK,SEA,331,2422,7,45,2013-11-24T12:00:00Z
2013,11,24,921,930,-9,1203,1237,-34,B6,271,N779JB,LGA,FLL,148,1076,9,30,2013-11-24T14:00:00Z
2013,11,24,2150,2124,26,37,104,-27,UA,1049,N27421,EWR,SFO,325,2565,21,24,2013-11-25T02:00:00Z
2013,11,25,806,811,-5,1049,1106,-17,B6,1783,N636JB,JFK,MCO,133,944,8,11,2013-11-25T13:00:00Z
2013,11,25,829,832,-3,936,945,-9,UA,424,N454UA,EWR,BOS,43,200,8,32,2013-11-25T13:00:00Z
2013,11,25,1352,1355,-3,1655,1715,-20,US,686,N678AW,EWR,PHX,284,2133,13,55,2013-11-25T18:00:00Z
2013,11,25,1418,1425,-7,1637,1653,-16,FL,1070,N336AT,LGA,ATL,119,762,14,25,2013-11-25T19:00:00Z
2013,11,25,1445,1446,-1,1641,1644,-3,EV,4175,N16954,EWR,AVL,97,583,14,46,2013-11-25T19:00:00Z
2013,11,25,1957,2001,-4,2226,2220,6,EV,4321,N18102,EWR,MCI,189,1092,20,1,2013-11-26T01:00:00Z
2013,11,26,959,1005,-6,1201,1212,-11,US,1711,N764US,LGA,CLT,106,544,10,5,2013-11-26T15:00:00Z
2013,11,26,1215,1220,-5,1433,1450,-17,WN,2236,N784SW,EWR,DEN,234,1605,12,20,2013-11-26T17:00:00Z
2013,11,27,1223,1215,8,1547,1550,-3,UA,1227,N76288,EWR,PHX,299,2133,12,15,2013-11-27T17:00:00Z
2013,11,27,1507,1425,42,1750,1653,57,FL,1693,N986AT,LGA,ATL,118,762,14,25,2013-11-27T19:00:00Z
2013,11,27,1512,1515,-3,1723,1705,18,MQ,3231,N698MQ,JFK,PIT,65,340,15,15,2013-11-27T20:00:00Z
2013,11,27,1606,1545,21,1919,1905,14,AA,1156,N3EPAA,LGA,DFW,198,1389,15,45,2013-11-27T20:00:00Z
2013,11,27,1730,1730,0,1944,1914,30,B6,1185,N179JB,JFK,RDU,87,427,17,30,2013-11-27T22:00:00Z
2013,11,27,1854,1805,49,2153,2059,54,UA,1637,N76508,EWR,TPA,144,997,18,5,2013-11-27T23:00:00Z
2013,11,27,2008,1930,38,2201,2141,20,EV,4543,N12166,EWR,DSM,148,1017,19,30,2013-11-28T00:00:00Z
2013,11,27,NA,1010,NA,NA,1243,NA,9E,3512,NA,LGA,IND,NA,660,10,10,2013-11-27T15:00:00Z
2013,11,29,544,540,4,850,850,0,AA,2243,N5CLAA,JFK,MIA,151,1089,5,40,2013-11-29T10:00:00Z
2013,11,29,1254,1259,-5,1534,1605,-31,UA,1461,N39726,LGA,IAH,203,1416,12,59,2013-11-29T17:00:00Z
2013,11,29,1502,1500,2,1810,1826,-16,DL,419,N712TW,JFK,SEA,333,2422,15,0,2013-11-29T20:00:00Z
2013,11,29,1740,1745,-5,1917,1920,-3,EV,4191,N13553,EWR,BNA,125,748,17,45,2013-11-29T22:00:00Z
2013,11,29,1809,1809,0,2101,2102,-1,UA,210,N840UA,EWR,TPA,137,997,18,9,2013-11-29T23:00:00Z
2013,11,29,2307,2000,187,2358,2117,161,9E,2950,N8488D,JFK,BWI,33,184,20,0,2013-11-30T01:00:00Z
2013,11,30,708,700,8,841,850,-9,WN,1565,N395SW,EWR,STL,136,872,7,0,2013-11-30T12:00:00Z
2013,12,1,816,815,1,1041,1052,-11,DL,1429,N67171,JFK,LAS,295,2248,8,15,2013-12-01T13:00:00Z
2013,12,1,1447,1455,-8,1625,1650,-25,MQ,3359,N857MQ,JFK,RDU,71,427,14,55,2013-12-01T19:00:00Z
2013,12,1,1729,1729,0,2000,1953,7,F9,507,N204FR,LGA,DEN,229,1620,17,29,2013-12-01T22:00:00Z
2013,12,1,1822,1820,2,2023,2026,-3,DL,2331,N314NB,LGA,DTW,86,502,18,20,2013-12-01T23:00:00Z
2013,12,2,943,945,-2,1311,1300,11,AA,1160,N3LBAA,LGA,MIA,163,1096,9,45,2013-12-02T14:00:00Z
2013,12,3,553,600,-7,845,849,-4,B6,353,N590JB,JFK,PBI,147,1028,6,0,2013-12-03T11:00:00Z
2013,12,3,1208,1147,21,1544,1457,47,B6,323,N570JB,JFK,LAX,367,2475,11,47,2013-12-03T16:00:00Z
2013,12,3,1308,1315,-7,1511,1506,5,US,802,N568UW,EWR,CLT,87,529,13,15,2013-12-03T18:00:00Z
2013,12,4,836,840,-4,1014,1026,-12,9E,2926,N914XJ,JFK,ORD,132,740,8,40,2013-12-04T13:00:00Z
2013,12,4,1654,1700,-6,1952,2025,-33,DL,2389,N395DN,JFK,AUS,221,1521,17,0,2013-12-04T22:00:00Z
2013,12,5,958,1000,-2,1321,1247,34,UA,1110,N69804,EWR,LAS,330,2227,10,0,2013-12-05T15:00:00Z
2013,12,5,1951,1851,60,2247,2200,47,UA,1128,N13718,LGA,IAH,214,1416,18,51,2013-12-05T23:00:00Z
2013,12,5,2026,2000,26,2125,2110,15,AA,2314,N3EWAA,JFK,BOS,33,187,20,0,2013-12-06T01:00:00Z
2013,12,6,1510,1450,20,1711,1635,36,MQ,3416,N816MQ,LGA,RDU,73,431,14,50,2013-12-06T19:00:00Z
2013,12,7,1551,1556,-5,1809,1812,-3,EV,4393,N11191,EWR,IND,120,645,15,56,2013-12-07T20:00:00Z
2013,12,9,1410,1310,60,1705,1558,67,UA,1641,N17105,EWR,MCO,150,937,13,10,2013-12-09T18:00:00Z
2013,12,9,1617,1600,17,1917,1911,6,UA,1587,N37474,EWR,RSW,163,1068,16,0,2013-12-09T21:00:00Z
2013,12,9,1826,1829,-3,2139,2140,-1,UA,362,N561UA,EWR,SNA,347,2434,18,29,2013-12-09T23:00:00Z
2013,12,9,2046,2039,7,17,2355,22,B6,1205,N715JB,JFK,PDX,361,2454,20,39,2013-12-10T01:00:00Z
2013,12,9,2310,1848,262,31,2005,266,EV,4131,N15980,EWR,RIC,60,277,18,48,2013-12-09T23:00:00Z
2013,12,10,716,720,-4,812,832,-20,UA,424,N829UA,EWR,BOS,36,200,7,20,2013-12-10T12:00:00Z
2013,12,11,649,655,-6,835,832,3,UA,681,N803UA,EWR,ORD,141,719,6,55,2013-12-11T11:00:00Z
2013,12,11,919,920,-1,1256,1245,11,VX,407,N636VA,JFK,LAX,355,2475,9,20,2013-12-11T14:00:00Z
2013,12,11,1900,1855,5,2229,2235,-6,VX,29,N638VA,JFK,SFO,364,2586,18,55,2013-12-11T23:00:00Z
2013,12,12,625,630,-5,728,742,-14,UA,371,N840UA,EWR,BOS,36,200,6,30,2013-12-12T11:00:00Z
2013,12,12,712,720,-8,818,832,-14,UA,424,N836UA,EWR,BOS,40,200,7,20,2013-12-12T12:00:00Z
2013,12,12,2018,2000,18,2315,2325,-10,VX,415,N839VA,JFK,LAX,338,2475,20,0,2013-12-13T01:00:00Z
2013,12,13,859,840,19,1114,1026,48,9E,2926,N295PQ,JFK,ORD,138,740,8,40,2013-12-13T13:00:00Z
2013,12,13,1546,1545,1,1742,1721,21,UA,1638,N76265,EWR,CLE,71,404,15,45,2013-12-13T20:00:00Z
2013,12,13,1745,1730,15,1916,1914,2,B6,1185,N229JB,JFK,RDU,71,427,17,30,2013-12-13T22:00:00Z
2013,12,13,2131,2119,12,2333,2309,24,EV,4672,N18556,EWR,STL,157,872,21,19,2013-12-14T02:00:00Z
2013,12,14,900,900,0,1150,1132,18,DL,2516,N981AT,EWR,ATL,135,746,9,0,2013-12-14T14:00:00Z
2013,12,14,1018,1019,-1,1358,1350,8,UA,642,N590UA,JFK,SFO,351,2586,10,19,2013-12-14T15:00:00Z
2013,12,15,850,855,-5,1048,1100,-12,MQ,3478,N806MQ,LGA,DTW,88,502,8,55,2013-12-15T13:00:00Z
2013,12,15,1558,1543,15,1752,1752,0,EV,4667,N33182,EWR,MSP,155,1008,15,43,2013-12-15T20:00:00Z
2013,12,16,939,945,-6,1120,1130,-10,AA,317,N3GRAA,LGA,ORD,118,733,9,45,2013-12-16T14:00:00Z
2013,12,16,1158,1200,-2,1309,1315,-6,US,2179,N722US,LGA,DCA,51,214,12,0,2013-12-16T17:00:00Z
2013,12,16,1512,1326,106,1711,1524,107,EV,5189,N741EV,LGA,CMH,85,479,13,26,2013-12-16T18:00:00Z
2013,12,17,813,812,1,1053,1034,19,EV,4407,N34110,EWR,OMA,166,1134,8,12,2013-12-17T13:00:00Z
2013,12,17,1320,1205,75,1512,1350,82,MQ,3404,N526MQ,LGA,RDU,72,431,12,5,2013-12-17T17:00:00Z
2013,12,17,1352,1259,53,1711,1614,57,AA,1256,N3KHAA,LGA,MIA,161,1096,12,59,2013-12-17T17:00:00Z
2013,12,17,NA,1930,NA,NA,2136,NA,9E,2960,NA,JFK,CLE,NA,425,19,30,2013-12-18T00:00:00Z
2013,12,18,1145,1100,45,1338,1258,40,DL,1151,N989AT,EWR,DTW,84,488,11,0,2013-12-18T16:00:00Z
2013,12,18,1903,1900,3,2302,2249,13,DL,435,N710TW,JFK,SFO,378,2586,19,0,2013-12-19T00:00:00Z
2013,12,19,1111,1116,-5,1333,1355,-22,EV,4679,N14173,EWR,JAX,117,820,11,16,2013-12-19T16:00:00Z
2013,12,19,1258,1259,-1,1619,1614,5,AA,1256,N3EMAA,LGA,MIA,148,1096,12,59,2013-12-19T17:00:00Z
2013,12,19,1929,1932,-3,2254,2305,-11,B6,161,N605JB,JFK,SMF,354,2521,19,32,2013-12-20T00:00:00Z
2013,12,21,1235,1200,35,1535,1511,24,UA,1601,N35407,EWR,FLL,158,1065,12,0,2013-12-21T17:00:00Z
2013,12,21,1431,1335,56,1621,1536,45,EV,4175,N13997,EWR,AVL,94,583,13,35,2013-12-21T18:00:00Z
2013,12,21,2051,2053,-2,2326,2333,-7,EV,4645,N13949,EWR,JAX,128,820,20,53,2013-12-22T01:00:00Z
2013,12,21,2128,2130,-2,2355,2359,-4,B6,1677,N190JB,JFK,JAX,124,828,21,30,2013-12-22T02:00:00Z
2013,12,22,942,945,-3,1245,1235,10,VX,251,N846VA,JFK,LAS,327,2248,9,45,2013-12-22T14:00:00Z
2013,12,22,1811,1619,112,2101,1931,90,UA,374,N478UA,EWR,RSW,146,1068,16,19,2013-12-22T21:00:00Z
2013,12,23,1200,1200,0,1433,1441,-8,DL,1947,N927DA,LGA,ATL,128,762,12,0,2013-12-23T17:00:00Z
2013,12,23,1900,1725,95,2102,1915,107,WN,3069,N274WN,EWR,STL,150,872,17,25,2013-12-23T22:00:00Z
2013,12,24,1007,1015,-8,1214,1218,-4,US,893,N193UW,JFK,CLT,98,541,10,15,2013-12-24T15:00:00Z
2013,12,24,1022,1015,7,1317,1318,-1,UA,1591,N76508,EWR,IAH,217,1400,10,15,2013-12-24T15:00:00Z
2013,12,24,1559,1530,29,1906,1859,7,DL,417,N187DN,JFK,LAX,343,2475,15,30,2013-12-24T20:00:00Z
2013,12,25,1118,1105,13,1323,1335,-12,WN,1833,N968WN,LGA,DEN,230,1620,11,5,2013-12-25T16:00:00Z
2013,12,25,1144,1151,-7,1418,1419,-1,FL,63,N925AT,LGA,ATL,125,762,11,51,2013-12-25T16:00:00Z
2013,12,25,1327,1329,-2,1452,1452,0,B6,2402,N316JB,JFK,BUF,59,301,13,29,2013-12-25T18:00:00Z
2013,12,25,1550,1550,0,1706,1710,-4,WN,421,N297WN,EWR,MDW,118,711,15,50,2013-12-25T20:00:00Z
2013,12,26,854,859,-5,1116,1116,0,EV,4144,N14977,EWR,CHS,123,628,8,59,2013-12-26T13:00:00Z
2013,12,26,1014,1015,-1,1228,1218,10,US,893,N568UW,JFK,CLT,106,541,10,15,2013-12-26T15:00:00Z
2013,12,26,1234,1147,47,1512,1457,15,B6,323,N834JB,JFK,LAX,321,2475,11,47,2013-12-26T16:00:00Z
2013,12,26,1514,1525,-11,1641,1657,-16,EV,5483,N760EV,LGA,BTV,47,258,15,25,2013-12-26T20:00:00Z
2013,12,26,1652,1613,39,1948,1913,35,B6,283,N509JB,JFK,MCO,153,944,16,13,2013-12-26T21:00:00Z
2013,12,26,2052,2055,-3,2200,2213,-13,DL,2599,N924DL,JFK,BOS,36,187,20,55,2013-12-27T01:00:00Z
2013,12,27,556,551,5,845,900,-15,UA,274,N556UA,EWR,LAX,304,2454,5,51,2013-12-27T10:00:00Z
2013,12,27,1757,1800,-3,1928,1940,-12,MQ,3501,N844MQ,LGA,RDU,70,431,18,0,2013-12-27T23:00:00Z
2013,12,28,1559,1600,-1,1843,1911,-28,DL,1785,N969DL,LGA,MCO,131,950,16,0,2013-12-28T21:00:00Z
2013,12,28,1711,1715,-4,2031,2035,-4,AA,291,N3JRAA,JFK,AUS,238,1521,17,15,2013-12-28T22:00:00Z
2013,12,28,1813,1805,8,2111,2102,9,UA,1618,N14219,EWR,TPA,147,997,18,5,2013-12-28T23:00:00Z
2013,12,29,554,550,4,1037,1027,10,B6,939,N709JB,JFK,BQN,192,1576,5,50,2013-12-29T10:00:00Z
2013,12,29,556,600,-4,854,856,-2,B6,371,N506JB,LGA,FLL,156,1076,6,0,2013-12-29T11:00:00Z
2013,12,29,1545,1550,-5,1903,1915,-12,AA,1410,N3BJAA,LGA,MIA,163,1096,15,50,2013-12-29T20:00:00Z
2013,12,29,2209,2135,34,132,55,37,AA,185,N327AA,JFK,LAX,337,2475,21,35,2013-12-30T02:00:00Z
2013,12,30,755,800,-5,1140,1151,-11,UA,397,N587UA,JFK,SFO,368,2586,8,0,2013-12-30T13:00:00Z
2013,12,30,759,750,9,1119,1115,4,UA,327,N439UA,EWR,PDX,358,2434,7,50,2013-12-30T12:00:00Z
2013,12,30,801,805,-4,1117,1113,4,DL,834,N901DE,LGA,TPA,168,1010,8,5,2013-12-30T13:00:00Z
2013,12,30,932,902,30,1115,1053,22,EV,4594,N14902,EWR,RDU,76,416,9,2,2013-12-30T14:00:00Z
2013,12,30,1758,1800,-2,2032,2046,-14,DL,61,N929DL,LGA,ATL,130,762,18,0,2013-12-30T23:00:00Z
2013,12,31,708,650,18,1021,955,26,AA,2493,N5CPAA,JFK,MCO,156,944,6,50,2013-12-31T11:00:00Z
2013,12,31,1157,1200,-3,1413,1400,13,US,1817,N189UW,JFK,CLT,104,541,12,0,2013-12-31T17:00:00Z
2013,12,31,1159,1115,44,1507,1428,39,DL,2098,N310NW,LGA,MIA,161,1096,11,15,2013-12-31T16:00:00Z
